loan_id,merchant_id,loan_status,offer_created_date,offer_confirmed_date,price_of_goods,tabeo_fee,confirmed_month
3292,374,affordability_failed,02/05/2019,,1499,,
5138,60,risk_checks_failed,11/06/2019,,2690,,
5157,60,loan_written,11/06/2019,11/06/2019,2190,22.1,201906
9206,492,technical_error,14/08/2019,,1099,,
7084,492,risk_checks_failed,12/07/2019,,1419,,
9216,60,technical_error,14/08/2019,,3200,,
5287,383,risk_checks_failed,13/06/2019,,3239,,
10272,651,risk_checks_failed,29/08/2019,,1199,,
4870,87,loan_written,05/06/2019,05/06/2019,1950,134.55,201906
10467,492,affordability_failed,30/08/2019,,1299,,
3870,374,affordability_failed,15/05/2019,,1399,,
9233,492,technical_error,14/08/2019,,1499,,
4025,492,application_incomplete,17/05/2019,,1499,,
9234,492,technical_error,14/08/2019,,1499,,
8054,492,loan_written,27/07/2019,27/07/2019,1419,14.39,201907
10476,492,affordability_failed,30/08/2019,,1299,,
10478,492,affordability_failed,30/08/2019,,1299,,
8929,492,technical_error,09/08/2019,,1499,,
8941,492,technical_error,09/08/2019,,1499,,
4152,492,application_incomplete,20/05/2019,,1499,,
9238,87,technical_error,14/08/2019,,1600,,
9239,87,technical_error,14/08/2019,,1600,,
9241,492,technical_error,14/08/2019,,1499,,
9244,651,risk_checks_failed,14/08/2019,,1399,,
8173,492,risk_checks_failed,30/07/2019,,1499,,
8511,492,technical_error,02/08/2019,,1499,,
3547,374,loan_written,08/05/2019,24/05/2019,999.36,38.97,201905
9257,492,technical_error,14/08/2019,,1499,,
3551,374,risk_checks_failed,08/05/2019,,999.36,,
7802,651,risk_checks_failed,24/07/2019,,1749,,
7826,87,risk_checks_failed,24/07/2019,,4000,,
3480,374,loan_written,08/05/2019,21/05/2019,324.75,12.66,201905
3516,374,application_incomplete,08/05/2019,,874.44,,
7881,492,affordability_failed,25/07/2019,,1419,,
4171,60,loan_written,21/05/2019,21/05/2019,800,55.2,201905
4175,374,application_incomplete,21/05/2019,,1125,,
3360,374,application_incomplete,03/05/2019,,874.42,,
8523,492,technical_error,02/08/2019,,1419,,
6029,87,loan_written,26/06/2019,26/06/2019,1205,78.32,201906
3508,374,risk_checks_failed,08/05/2019,,874.44,,
10350,651,risk_checks_failed,30/08/2019,,1499,,
8785,651,loan_written,07/08/2019,14/08/2019,1399,152.49,201908
8175,492,risk_checks_failed,30/07/2019,,1499,,
8525,492,technical_error,02/08/2019,,1499,,
9275,87,technical_error,14/08/2019,,2950,,
9281,492,technical_error,14/08/2019,,1499,,
9282,492,technical_error,14/08/2019,,1499,,
9283,492,technical_error,14/08/2019,,1499,,
4366,87,loan_written,24/05/2019,24/05/2019,2550,48.45,201905
8210,651,risk_checks_failed,30/07/2019,,1599,,
9288,492,loan_written,15/08/2019,15/08/2019,1499,97.43,201908
9287,651,loan_written,15/08/2019,15/08/2019,1599,142.31,201908
3575,374,loan_written,08/05/2019,21/05/2019,1124.28,73.07,201905
3571,374,affordability_failed,08/05/2019,,1124.28,,
8484,383,technical_error,02/08/2019,,3175,,
4208,492,risk_checks_failed,21/05/2019,,1499,,
3460,492,application_incomplete,08/05/2019,,1499,,
9253,492,technical_error,14/08/2019,,1424,,
7009,492,application_incomplete,11/07/2019,,1499,,
7007,492,application_incomplete,11/07/2019,,1499,,
8950,651,risk_checks_failed,09/08/2019,,1599,,
9773,492,affordability_failed,21/08/2019,,1424,,
9307,492,risk_checks_failed,15/08/2019,,1499,,
9311,492,risk_checks_failed,15/08/2019,,1499,,
8309,492,risk_checks_failed,31/07/2019,,1499,,
8450,383,technical_error,01/08/2019,,3175,,
3919,383,loan_written,15/05/2019,21/05/2019,2445,168.7,201905
4211,374,affordability_failed,21/05/2019,,1125,,
8535,492,technical_error,02/08/2019,,1499,,
9334,492,risk_checks_failed,15/08/2019,,1424,,
8952,492,technical_error,09/08/2019,,1499,,
9327,651,loan_written,15/08/2019,15/08/2019,1399,96.53,201908
9331,492,risk_checks_failed,15/08/2019,,1424,,
9332,492,risk_checks_failed,15/08/2019,,1424,,
4861,492,risk_checks_failed,05/06/2019,,1499,,
9329,149,affordability_failed,15/08/2019,,3250,,
9325,492,loan_written,15/08/2019,15/08/2019,1449,99.98,201908
8912,651,application_incomplete,09/08/2019,,1599,,
9277,492,technical_error,14/08/2019,,1499,,
9354,651,application_incomplete,15/08/2019,,1599,,
9366,492,affordability_failed,16/08/2019,,1499,,
6060,492,risk_checks_failed,27/06/2019,,1349,,
6886,492,risk_checks_failed,10/07/2019,,1499,,
4158,87,loan_written,21/05/2019,22/05/2019,935,64.51,201905
9396,492,affordability_failed,16/08/2019,,1499,,
9392,149,loan_written,16/08/2019,16/08/2019,3250,224.25,201908
9403,331,loan_written,16/08/2019,16/08/2019,3749,408.64,201908
3349,87,risk_checks_failed,03/05/2019,,1050,,
10037,651,affordability_failed,26/08/2019,,1599,,
3354,149,loan_written,03/05/2019,03/05/2019,3553,174.09,201905
3995,374,loan_written,16/05/2019,16/05/2019,1399,96.53,201905
3357,374,risk_checks_failed,03/05/2019,,541.25,,
9059,492,technical_error,12/08/2019,,1499,,
3625,374,application_incomplete,09/05/2019,,1564.27,,
3373,374,loan_written,03/05/2019,05/05/2019,324.75,12.66,201905
3403,374,loan_written,05/05/2019,05/05/2019,1499,103.43,201905
3424,60,loan_written,07/05/2019,21/05/2019,3000,207,201905
9407,651,application_incomplete,16/08/2019,,1599,,
4738,374,loan_written,02/06/2019,02/06/2019,1125,11.45,201906
4905,492,risk_checks_failed,05/06/2019,,1499,,
9164,651,application_incomplete,13/08/2019,,1399,,
3467,492,risk_checks_failed,08/05/2019,,1449,,
3475,374,loan_written,08/05/2019,08/05/2019,324.75,12.66,201905
3471,374,loan_written,08/05/2019,08/05/2019,324.75,12.66,201905
3478,374,loan_written,08/05/2019,08/05/2019,324.75,12.66,201905
3501,374,risk_checks_failed,08/05/2019,,582.75,,
9165,651,application_incomplete,13/08/2019,,1000,,
3510,492,affordability_failed,08/05/2019,,1449,,
3507,374,loan_written,08/05/2019,08/05/2019,874.44,56.83,201905
3498,374,loan_written,08/05/2019,08/05/2019,582.75,28.55,201905
3517,374,loan_written,08/05/2019,09/05/2019,874.44,56.83,201905
3534,374,risk_checks_failed,08/05/2019,,866,,
3559,374,loan_written,08/05/2019,09/05/2019,999.36,10.19,201905
3560,492,loan_written,08/05/2019,08/05/2019,1499,103.43,201905
3553,374,risk_checks_failed,08/05/2019,,999.36,,
3593,374,application_incomplete,08/05/2019,,927.29,,
3579,374,risk_checks_failed,08/05/2019,,1124.28,,
3561,374,loan_written,08/05/2019,17/05/2019,999.36,10.19,201905
3586,374,risk_checks_failed,08/05/2019,,1124.28,,
3587,374,risk_checks_failed,08/05/2019,,828,,
3562,374,risk_checks_failed,08/05/2019,,999.36,,
3479,374,loan_written,08/05/2019,08/05/2019,324.75,12.66,201905
3515,374,affordability_failed,08/05/2019,,874.44,,
3602,492,loan_written,08/05/2019,08/05/2019,1499,103.43,201905
3592,374,application_incomplete,08/05/2019,,855.96,,
3603,492,risk_checks_failed,08/05/2019,,1499,,
3486,374,loan_written,08/05/2019,08/05/2019,433,16.88,201905
3492,374,loan_written,08/05/2019,08/05/2019,582.75,37.87,201905
9167,492,technical_error,13/08/2019,,1499,,
4279,374,loan_written,23/05/2019,23/05/2019,1125,11.45,201905
3613,492,affordability_failed,08/05/2019,,1499,,
3568,374,application_incomplete,08/05/2019,,1124.28,,
3564,374,risk_checks_failed,08/05/2019,,1124.28,,
3584,374,loan_written,08/05/2019,09/05/2019,1124.28,73.07,201905
3620,374,loan_written,09/05/2019,09/05/2019,1564.27,107.93,201905
3632,374,risk_checks_failed,09/05/2019,,1646.6,,
4923,331,affordability_failed,05/06/2019,,3724,,
10132,492,affordability_failed,27/08/2019,,1499,,
3686,492,loan_written,09/05/2019,13/05/2019,1349,93.08,201905
3570,374,loan_written,08/05/2019,10/05/2019,1124.28,55.08,201905
4333,331,risk_checks_failed,24/05/2019,,4000,,
3342,60,loan_written,02/05/2019,10/05/2019,3500,241.5,201905
3728,492,loan_written,10/05/2019,10/05/2019,1499,103.43,201905
3576,374,risk_checks_failed,08/05/2019,,1124.28,,
3581,374,risk_checks_failed,08/05/2019,,1124.28,,
3751,60,loan_written,11/05/2019,13/05/2019,2000,138,201905
3740,492,loan_written,10/05/2019,11/05/2019,1499,103.43,201905
3533,374,risk_checks_failed,08/05/2019,,999.36,,
4438,374,affordability_failed,27/05/2019,,1125,,
3499,374,loan_written,08/05/2019,12/05/2019,582.75,22.72,201905
4439,374,risk_checks_failed,27/05/2019,,1125,,
9425,492,affordability_failed,16/08/2019,,1499,,
3794,87,risk_checks_failed,13/05/2019,,2200,,
10070,492,affordability_failed,27/08/2019,,1499,,
3810,60,loan_written,13/05/2019,13/05/2019,3200,220.8,201905
10058,492,affordability_failed,27/08/2019,,1349,,
3487,374,loan_written,08/05/2019,14/05/2019,433,21.21,201905
3830,492,loan_written,14/05/2019,14/05/2019,1499,97.43,201905
3513,374,risk_checks_failed,08/05/2019,,874.44,,
3799,383,loan_written,13/05/2019,14/05/2019,3489,240.74,201905
4204,492,loan_written,21/05/2019,23/05/2019,1499,103.43,201905
4511,492,affordability_failed,28/05/2019,,1499,,
3836,60,affordability_failed,14/05/2019,,600,,
3841,492,risk_checks_failed,14/05/2019,,1499,,
3782,87,loan_written,13/05/2019,14/05/2019,3800,72.2,201905
3838,60,loan_written,14/05/2019,14/05/2019,600,41.4,201905
3852,492,loan_written,14/05/2019,14/05/2019,1449,99.98,201905
3861,492,loan_written,14/05/2019,14/05/2019,1499,73.45,201905
4311,492,loan_written,23/05/2019,23/05/2019,1499,103.43,201905
3765,60,application_incomplete,11/05/2019,,4000,,
3869,374,loan_written,15/05/2019,15/05/2019,1399,96.53,201905
4315,492,risk_checks_failed,23/05/2019,,1499,,
4318,492,loan_written,23/05/2019,23/05/2019,1499,97.43,201905
4317,87,risk_checks_failed,23/05/2019,,2100,,
9432,492,affordability_failed,16/08/2019,,1499,,
3545,374,risk_checks_failed,08/05/2019,,999.36,,
3893,492,affordability_failed,15/05/2019,,1399,,
3883,374,loan_written,15/05/2019,16/05/2019,1499,15.19,201905
3895,492,risk_checks_failed,15/05/2019,,1399,,
3912,492,application_incomplete,15/05/2019,,1499,,
3911,492,loan_written,15/05/2019,15/05/2019,1499,15.19,201905
3860,60,loan_written,14/05/2019,21/05/2019,4000,276,201905
3922,374,application_incomplete,15/05/2019,,1125,,
3933,492,application_incomplete,15/05/2019,,1499,,
3935,87,risk_checks_failed,15/05/2019,,2175,,
9700,492,affordability_failed,20/08/2019,,1499,,
3932,492,risk_checks_failed,15/05/2019,,1399,,
3931,492,affordability_failed,15/05/2019,,1399,,
9827,492,affordability_failed,21/08/2019,,1499,,
8553,60,technical_error,03/08/2019,,3390,,
3941,492,loan_written,16/05/2019,16/05/2019,1499,73.45,201905
3969,492,loan_written,16/05/2019,16/05/2019,1449,14.69,201905
3961,492,loan_written,16/05/2019,16/05/2019,1399,96.53,201905
3711,60,loan_written,10/05/2019,16/05/2019,2330,160.77,201905
3962,87,risk_checks_failed,16/05/2019,,3800,,
4093,374,loan_written,20/05/2019,24/05/2019,1125,55.12,201905
3987,374,loan_written,16/05/2019,16/05/2019,1212.61,83.67,201905
4326,492,loan_written,23/05/2019,25/05/2019,1499,103.43,201905
4330,331,affordability_failed,24/05/2019,,4000,,
5540,87,loan_written,18/06/2019,08/07/2019,1224,84.45,201907
3991,374,loan_written,16/05/2019,16/05/2019,1125,77.62,201905
3546,374,loan_written,08/05/2019,17/05/2019,999.36,64.95,201905
3737,60,loan_written,10/05/2019,24/05/2019,600,29.4,201905
4384,60,loan_written,25/05/2019,25/05/2019,3500,241.5,201905
4002,492,risk_checks_failed,17/05/2019,,1399,,
4400,374,loan_written,25/05/2019,25/05/2019,1499,15.19,201905
4019,492,application_incomplete,17/05/2019,,1499,,
4053,492,application_incomplete,17/05/2019,,749.5,,
4054,492,application_incomplete,17/05/2019,,749.5,,
9829,492,affordability_failed,21/08/2019,,1499,,
3993,492,loan_written,16/05/2019,17/05/2019,1499,103.43,201905
4051,492,loan_written,17/05/2019,17/05/2019,749.5,36.72,201905
4042,374,risk_checks_failed,17/05/2019,,1249.2,,
3485,374,loan_written,08/05/2019,18/05/2019,433,16.88,201905
4078,492,affordability_failed,18/05/2019,,1399,,
4081,374,risk_checks_failed,19/05/2019,,1125,,
9830,492,affordability_failed,21/08/2019,,1499,,
4086,374,loan_written,19/05/2019,19/05/2019,1499,103.43,201905
9439,492,affordability_failed,16/08/2019,,1499,,
3879,374,loan_written,15/05/2019,24/05/2019,1499,103.43,201905
4368,492,risk_checks_failed,24/05/2019,,1499,,
3477,374,loan_written,08/05/2019,27/05/2019,324.75,12.66,201905
4429,374,loan_written,27/05/2019,27/05/2019,1125,77.62,201905
4434,492,loan_written,27/05/2019,27/05/2019,1499,103.43,201905
4436,492,loan_written,27/05/2019,28/05/2019,1449,14.69,201905
4442,374,loan_written,27/05/2019,27/05/2019,1125,77.62,201905
3968,60,loan_written,16/05/2019,17/05/2019,1360,93.84,201905
8892,87,technical_error,08/08/2019,,4000,,
4500,492,application_incomplete,28/05/2019,,1499,,
4506,492,affordability_failed,28/05/2019,,1499,,
6116,60,loan_written,27/06/2019,27/06/2019,2400,165.6,201906
4522,60,affordability_failed,29/05/2019,,1200,,
4516,374,application_incomplete,29/05/2019,,1499,,
3627,374,application_incomplete,09/05/2019,,1564.27,,
3535,374,loan_written,08/05/2019,29/05/2019,866,56.29,201905
3732,87,loan_written,10/05/2019,29/05/2019,4000,276,201905
4479,374,loan_written,28/05/2019,29/05/2019,874.4,56.83,201905
4567,331,loan_written,29/05/2019,29/05/2019,1718,187.26,201905
6124,492,loan_written,27/06/2019,27/06/2019,1449,99.98,201906
4587,492,affordability_failed,29/05/2019,,1499,,
8989,492,technical_error,09/08/2019,,1499,,
4592,492,risk_checks_failed,30/05/2019,,1499,,
9464,492,affordability_failed,17/08/2019,,1499,,
4600,149,loan_written,30/05/2019,30/05/2019,859,59.27,201905
9463,492,affordability_failed,17/08/2019,,1424,,
5076,492,risk_checks_failed,09/06/2019,,1499,,
4163,87,loan_written,21/05/2019,03/06/2019,4000,276,201906
4609,492,loan_written,30/05/2019,30/05/2019,1499,103.43,201905
4495,87,loan_written,28/05/2019,30/05/2019,4000,196,201905
4666,492,application_incomplete,30/05/2019,,1499,,
3509,374,application_incomplete,08/05/2019,,874.44,,
8565,492,technical_error,04/08/2019,,1499,,
9470,492,affordability_failed,17/08/2019,,1499,,
3621,374,loan_written,09/05/2019,31/05/2019,1564.27,107.93,201905
4689,331,loan_written,31/05/2019,31/05/2019,3750,408.75,201905
4731,60,affordability_failed,01/06/2019,,2600,,
9476,492,affordability_failed,17/08/2019,,1424,,
4649,383,loan_written,30/05/2019,03/06/2019,3250,224.25,201906
3710,383,loan_written,10/05/2019,03/06/2019,4000,276,201906
9477,492,affordability_failed,17/08/2019,,1499,,
9478,492,affordability_failed,17/08/2019,,1499,,
7789,87,affordability_failed,23/07/2019,,2950,,
3502,374,loan_written,08/05/2019,03/06/2019,582.75,28.55,201906
4758,374,loan_written,03/06/2019,04/06/2019,1499,103.43,201906
4843,492,loan_written,04/06/2019,04/06/2019,1499,15.19,201906
4827,492,application_incomplete,04/06/2019,,1499,,
4840,492,application_incomplete,04/06/2019,,1499,,
4831,492,affordability_failed,04/06/2019,,1499,,
7254,492,loan_written,15/07/2019,15/07/2019,1419,69.53,201907
4847,492,loan_written,04/06/2019,04/06/2019,1449,99.98,201906
6112,149,loan_written,27/06/2019,28/06/2019,4000,276,201906
4866,492,risk_checks_failed,05/06/2019,,1499,,
4862,492,risk_checks_failed,05/06/2019,,1499,,
4852,492,loan_written,05/06/2019,05/06/2019,1499,103.43,201906
4865,492,risk_checks_failed,05/06/2019,,1499,,
4908,492,risk_checks_failed,05/06/2019,,1499,,
6129,492,loan_written,28/06/2019,28/06/2019,1499,103.43,201906
7446,492,loan_written,18/07/2019,18/07/2019,1419,97.91,201907
4911,492,loan_written,05/06/2019,05/06/2019,1349,93.08,201906
4927,492,loan_written,05/06/2019,05/06/2019,1499,103.43,201906
4963,492,risk_checks_failed,06/06/2019,,1499,,
4948,383,loan_written,06/06/2019,06/06/2019,3250,224.25,201906
3572,374,loan_written,08/05/2019,08/05/2019,1124.28,73.07,201905
4987,492,risk_checks_failed,06/06/2019,,1499,,
4988,492,risk_checks_failed,06/06/2019,,1499,,
4986,492,risk_checks_failed,06/06/2019,,1499,,
4711,374,loan_written,31/05/2019,06/06/2019,1125,73.12,201906
4985,492,risk_checks_failed,06/06/2019,,1499,,
3522,374,loan_written,08/05/2019,07/06/2019,874.44,56.83,201906
5030,492,loan_written,08/06/2019,08/06/2019,1349,93.08,201906
5038,492,affordability_failed,08/06/2019,,1499,,
5042,331,affordability_failed,08/06/2019,,4000,,
5037,492,application_incomplete,08/06/2019,,1499,,
5039,492,application_incomplete,08/06/2019,,1499,,
5069,492,risk_checks_failed,08/06/2019,,1499,,
5070,374,application_incomplete,09/06/2019,,1499,,
6143,492,loan_written,28/06/2019,28/06/2019,1499,73.45,201906
5085,492,loan_written,10/06/2019,10/06/2019,1349,93.08,201906
6165,492,risk_checks_failed,28/06/2019,,1499,,
6312,492,application_incomplete,01/07/2019,,1499,,
6397,492,loan_written,02/07/2019,02/07/2019,1349,87.68,201907
5102,492,application_incomplete,10/06/2019,,1499,,
6008,383,loan_written,26/06/2019,28/06/2019,2745,52.15,201906
5034,331,loan_written,08/06/2019,10/06/2019,4000,276,201906
6178,492,application_incomplete,28/06/2019,,1499,,
6176,374,risk_checks_failed,28/06/2019,,1499,,
5081,149,loan_written,10/06/2019,10/06/2019,699.5,48.26,201906
5137,374,loan_written,10/06/2019,10/06/2019,1125,77.62,201906
5185,87,loan_written,11/06/2019,25/06/2019,1300,84.5,201906
5168,374,application_incomplete,11/06/2019,,1125,,
5223,149,risk_checks_failed,12/06/2019,,3500,,
6192,492,application_incomplete,28/06/2019,,1499,,
6193,492,application_incomplete,28/06/2019,,1499,,
9487,492,affordability_failed,18/08/2019,,1499,,
8573,492,technical_error,05/08/2019,,1499,,
5413,492,loan_written,15/06/2019,15/06/2019,1499,103.43,201906
9493,492,affordability_failed,19/08/2019,,1499,,
5440,60,loan_written,15/06/2019,15/06/2019,3500,241.5,201906
9489,492,affordability_failed,19/08/2019,,1499,,
5513,87,loan_written,17/06/2019,17/06/2019,3550,173.95,201906
6532,492,risk_checks_failed,04/07/2019,,1499,,
5489,331,affordability_failed,17/06/2019,,4000,,
3791,60,loan_written,13/05/2019,13/05/2019,1050,68.24,201905
5201,383,loan_written,12/06/2019,18/06/2019,2645,182.5,201906
9123,492,technical_error,13/08/2019,,1499,,
5593,87,risk_checks_failed,19/06/2019,,1100,,
5594,87,risk_checks_failed,19/06/2019,,1100,,
5589,87,risk_checks_failed,19/06/2019,,1100,,
5619,492,loan_written,19/06/2019,19/06/2019,1499,103.43,201906
5036,87,loan_written,08/06/2019,29/06/2019,2400,165.6,201906
4694,331,loan_written,31/05/2019,19/06/2019,4000,276,201906
5624,492,application_incomplete,19/06/2019,,1499,,
5704,492,loan_written,20/06/2019,20/06/2019,1499,103.43,201906
8581,492,technical_error,05/08/2019,,1499,,
5649,492,loan_written,20/06/2019,20/06/2019,1499,103.43,201906
9507,492,affordability_failed,19/08/2019,,1424,,
5678,492,application_incomplete,20/06/2019,,1499,,
9510,492,affordability_failed,19/08/2019,,1499,,
9514,492,affordability_failed,19/08/2019,,1499,,
5662,149,risk_checks_failed,20/06/2019,,1418.5,,
9515,492,affordability_failed,19/08/2019,,1499,,
8584,492,technical_error,05/08/2019,,1499,,
8586,492,technical_error,05/08/2019,,1299,,
5757,492,risk_checks_failed,21/06/2019,,1499,,
5740,492,application_incomplete,21/06/2019,,1499,,
5748,492,loan_written,21/06/2019,21/06/2019,1499,103.43,201906
5723,492,risk_checks_failed,21/06/2019,,1499,,
5771,149,loan_written,21/06/2019,21/06/2019,4000,276,201906
5772,492,risk_checks_failed,21/06/2019,,1499,,
5777,492,risk_checks_failed,21/06/2019,,1499,,
6387,492,loan_written,02/07/2019,04/07/2019,1499,15.19,201907
9525,492,affordability_failed,19/08/2019,,1499,,
5768,492,risk_checks_failed,21/06/2019,,1499,,
8588,492,technical_error,05/08/2019,,1499,,
5794,492,loan_written,21/06/2019,21/06/2019,1499,103.43,201906
5789,492,loan_written,21/06/2019,23/06/2019,1499,15.19,201906
5829,60,risk_checks_failed,22/06/2019,,3600,,
9558,492,affordability_failed,19/08/2019,,1424,,
9564,492,affordability_failed,19/08/2019,,1424,,
9539,492,affordability_failed,19/08/2019,,1499,,
8589,492,technical_error,05/08/2019,,1499,,
9535,492,affordability_failed,19/08/2019,,1499,,
5774,149,affordability_failed,21/06/2019,,3033,,
5872,492,risk_checks_failed,24/06/2019,,1499,,
9560,492,affordability_failed,19/08/2019,,1424,,
9562,651,risk_checks_failed,19/08/2019,,1499,,
7933,678,loan_written,25/07/2019,19/08/2019,437,30.15,201908
6345,149,loan_written,02/07/2019,02/07/2019,2719.6,187.65,201907
5884,149,loan_written,24/06/2019,24/06/2019,4000,276,201906
5033,331,loan_written,08/06/2019,24/06/2019,4000,276,201906
5909,149,risk_checks_failed,24/06/2019,,3033,,
9587,651,risk_checks_failed,19/08/2019,,1199,,
9583,651,risk_checks_failed,19/08/2019,,1199,,
9469,60,loan_written,17/08/2019,22/08/2019,1600,104,201908
9776,87,loan_written,21/08/2019,21/08/2019,1145,79,201908
9570,651,application_incomplete,19/08/2019,,1399,,
9417,651,risk_checks_failed,16/08/2019,,1199,,
9416,383,loan_written,16/08/2019,20/08/2019,2495,172.15,201908
6282,492,loan_written,01/07/2019,01/07/2019,1499,73.45,201907
9601,409,loan_written,20/08/2019,20/08/2019,2749,189.68,201908
6435,492,affordability_failed,03/07/2019,,1449,,
6443,87,application_incomplete,03/07/2019,,4000,,
6458,87,risk_checks_failed,03/07/2019,,2839,,
6432,149,loan_written,03/07/2019,03/07/2019,2456.7,169.51,201907
8598,492,technical_error,05/08/2019,,1499,,
6480,492,loan_written,03/07/2019,03/07/2019,1499,103.43,201907
6481,492,risk_checks_failed,03/07/2019,,1449,,
8621,492,technical_error,05/08/2019,,1499,,
8629,492,technical_error,05/08/2019,,1499,,
8605,492,technical_error,05/08/2019,,1499,,
6510,492,application_incomplete,04/07/2019,,1499,,
6518,149,loan_written,04/07/2019,04/07/2019,4000,276,201907
6509,492,loan_written,04/07/2019,04/07/2019,1499,103.43,201907
6582,492,loan_written,05/07/2019,05/07/2019,1499,15.19,201907
6554,492,affordability_failed,05/07/2019,,1499,,
4452,492,loan_written,28/05/2019,28/05/2019,1399,96.53,201905
6488,383,loan_written,04/07/2019,05/07/2019,2745,52.15,201907
6405,492,application_incomplete,03/07/2019,,1499,,
6552,492,risk_checks_failed,04/07/2019,,1449,,
6553,492,risk_checks_failed,04/07/2019,,1449,,
6547,492,application_incomplete,04/07/2019,,1499,,
8637,492,technical_error,05/08/2019,,1399,,
6486,383,risk_checks_failed,04/07/2019,,2445,,
6598,492,loan_written,05/07/2019,05/07/2019,1499,103.43,201907
6635,492,risk_checks_failed,07/07/2019,,1499,,
3519,374,loan_written,08/05/2019,01/06/2019,874.44,42.84,201906
8534,492,technical_error,02/08/2019,,1499,,
6503,87,loan_written,04/07/2019,08/07/2019,2500,172.5,201907
8587,87,technical_error,05/08/2019,,749,,
8645,492,technical_error,05/08/2019,,1499,,
8646,492,technical_error,05/08/2019,,1499,,
8643,492,technical_error,05/08/2019,,1499,,
6270,331,application_incomplete,01/07/2019,,2300,,
8644,492,technical_error,05/08/2019,,1499,,
8633,492,technical_error,05/08/2019,,1499,,
8647,492,technical_error,05/08/2019,,1499,,
8644,492,technical_error,05/08/2019,,1499,,
6739,492,application_incomplete,09/07/2019,,1499,,
6740,492,application_incomplete,09/07/2019,,1499,,
6741,492,application_incomplete,09/07/2019,,1499,,
9632,60,risk_checks_failed,20/08/2019,,1750,,
6727,492,application_incomplete,08/07/2019,,1499,,
8648,492,technical_error,05/08/2019,,1499,,
6726,492,loan_written,08/07/2019,09/07/2019,1499,103.43,201907
6755,492,loan_written,09/07/2019,09/07/2019,1499,103.43,201907
9492,383,loan_written,19/08/2019,20/08/2019,2150,148.35,201908
6391,60,loan_written,02/07/2019,09/07/2019,2940,202.86,201907
8679,492,technical_error,06/08/2019,,1349,,
8680,492,technical_error,06/08/2019,,1349,,
6894,492,risk_checks_failed,10/07/2019,,1499,,
6907,651,risk_checks_failed,10/07/2019,,1599,,
6962,492,application_incomplete,10/07/2019,,1499,,
9645,651,loan_written,20/08/2019,20/08/2019,1499,223.35,201908
8694,651,risk_checks_failed,06/08/2019,,1599,,
7001,492,application_incomplete,11/07/2019,,1499,,
8689,651,loan_written,06/08/2019,06/08/2019,1749,260.6,201908
8707,492,technical_error,06/08/2019,,1499,,
7015,492,risk_checks_failed,11/07/2019,,1499,,
7016,492,risk_checks_failed,11/07/2019,,1499,,
7025,492,risk_checks_failed,11/07/2019,,1499,,
7026,651,loan_written,11/07/2019,11/07/2019,1599,142.31,201907
8698,492,technical_error,06/08/2019,,1349,,
8699,492,technical_error,06/08/2019,,1349,,
7043,492,application_incomplete,11/07/2019,,1449,,
9656,492,affordability_failed,20/08/2019,,1499,,
9868,492,affordability_failed,22/08/2019,,1499,,
6937,492,loan_written,10/07/2019,12/07/2019,1499,103.43,201907
9658,492,affordability_failed,20/08/2019,,1499,,
7050,492,risk_checks_failed,12/07/2019,,1499,,
7057,492,risk_checks_failed,12/07/2019,,1499,,
7066,383,loan_written,12/07/2019,12/07/2019,3350,231.15,201907
7069,492,affordability_failed,12/07/2019,,1419,,
6042,492,risk_checks_failed,26/06/2019,,1499,,
3946,492,loan_written,16/05/2019,16/05/2019,1499,103.43,201905
8719,492,technical_error,06/08/2019,,1499,,
7070,492,loan_written,12/07/2019,12/07/2019,1499,15.19,201907
8720,492,technical_error,06/08/2019,,1499,,
8726,492,technical_error,06/08/2019,,1499,,
7086,492,risk_checks_failed,12/07/2019,,1419,,
7091,492,risk_checks_failed,12/07/2019,,1499,,
7098,492,risk_checks_failed,12/07/2019,,1419,,
7105,87,loan_written,13/07/2019,13/07/2019,2400,117.6,201907
7085,492,application_incomplete,12/07/2019,,1499,,
7114,87,loan_written,13/07/2019,18/07/2019,3800,262.2,201907
7164,492,loan_written,14/07/2019,14/07/2019,1419,97.91,201907
7094,492,loan_written,12/07/2019,12/07/2019,1499,73.45,201907
7117,87,loan_written,13/07/2019,13/07/2019,4000,276,201907
7142,492,risk_checks_failed,13/07/2019,,1499,,
7139,60,risk_checks_failed,13/07/2019,,3300,,
8733,492,technical_error,06/08/2019,,1499,,
7156,492,risk_checks_failed,14/07/2019,,1499,,
7157,492,risk_checks_failed,14/07/2019,,1499,,
7167,492,risk_checks_failed,15/07/2019,,1499,,
8738,492,technical_error,07/08/2019,,1499,,
7166,492,application_incomplete,14/07/2019,,1499,,
8744,492,technical_error,07/08/2019,,1499,,
7186,492,application_incomplete,15/07/2019,,1419,,
7183,492,loan_written,15/07/2019,16/07/2019,1419,14.39,201907
7240,492,application_incomplete,15/07/2019,,1499,,
7221,492,risk_checks_failed,15/07/2019,,1419,,
7246,87,loan_written,15/07/2019,15/07/2019,3200,220.8,201907
7227,492,risk_checks_failed,15/07/2019,,1419,,
9640,651,loan_written,20/08/2019,20/08/2019,1599,174.29,201908
7238,492,risk_checks_failed,15/07/2019,,1499,,
7229,492,application_incomplete,15/07/2019,,1419,,
7219,492,affordability_failed,15/07/2019,,1499,,
8656,383,technical_error,06/08/2019,,2650,,
7264,492,application_incomplete,15/07/2019,,1449,,
7073,409,loan_written,12/07/2019,15/07/2019,3149,217.28,201907
9786,492,affordability_failed,21/08/2019,,1499,,
7295,492,affordability_failed,16/07/2019,,1449,,
7281,492,loan_written,16/07/2019,16/07/2019,1499,103.43,201907
7285,492,application_incomplete,16/07/2019,,1449,,
7292,492,risk_checks_failed,16/07/2019,,1449,,
9867,651,risk_checks_failed,22/08/2019,,1599,,
6911,651,loan_written,10/07/2019,16/07/2019,1599,110.33,201907
7335,492,application_incomplete,16/07/2019,,1419,,
9654,678,loan_written,20/08/2019,20/08/2019,652,44.98,201908
8367,651,loan_written,01/08/2019,07/08/2019,1599,142.31,201908
7367,492,risk_checks_failed,17/07/2019,,1499,,
7382,492,risk_checks_failed,17/07/2019,,1419,,
7371,492,risk_checks_failed,17/07/2019,,1499,,
7381,651,loan_written,17/07/2019,17/07/2019,1749,190.64,201907
7370,492,risk_checks_failed,17/07/2019,,1499,,
7407,492,risk_checks_failed,17/07/2019,,1499,,
7401,492,affordability_failed,17/07/2019,,1499,,
7403,492,risk_checks_failed,17/07/2019,,1499,,
7297,87,loan_written,16/07/2019,17/07/2019,4000,276,201907
7409,492,risk_checks_failed,17/07/2019,,1499,,
7404,492,affordability_failed,17/07/2019,,1499,,
7416,492,application_incomplete,17/07/2019,,1499,,
8783,149,loan_written,07/08/2019,07/08/2019,2470,160.54,201908
8802,492,technical_error,07/08/2019,,1419,,
9672,492,affordability_failed,20/08/2019,,1424,,
7054,492,risk_checks_failed,12/07/2019,,1499,,
7456,492,loan_written,18/07/2019,18/07/2019,1449,99.98,201907
8777,492,technical_error,07/08/2019,,1499,,
7443,492,application_incomplete,18/07/2019,,1499,,
8819,492,technical_error,07/08/2019,,1499,,
3916,492,loan_written,15/05/2019,21/05/2019,1499,103.43,201905
7476,492,loan_written,18/07/2019,18/07/2019,1349,93.08,201907
7495,492,risk_checks_failed,18/07/2019,,1399,,
7492,492,application_incomplete,18/07/2019,,1399,,
7475,492,affordability_failed,18/07/2019,,1349,,
7603,492,risk_checks_failed,19/07/2019,,1399,,
7516,492,risk_checks_failed,18/07/2019,,1499,,
7533,492,risk_checks_failed,18/07/2019,,1499,,
7509,492,loan_written,18/07/2019,18/07/2019,1499,103.43,201907
7541,492,risk_checks_failed,19/07/2019,,1449,,
7545,492,loan_written,19/07/2019,19/07/2019,1449,14.69,201907
7609,492,risk_checks_failed,19/07/2019,,1449,,
8829,492,technical_error,07/08/2019,,1499,,
8827,492,technical_error,07/08/2019,,1499,,
7587,492,loan_written,19/07/2019,19/07/2019,1449,99.98,201907
7581,492,loan_written,19/07/2019,19/07/2019,1449,99.98,201907
7613,492,risk_checks_failed,19/07/2019,,1449,,
7665,492,affordability_failed,22/07/2019,,1499,,
7610,492,risk_checks_failed,19/07/2019,,1499,,
7623,331,loan_written,20/07/2019,20/07/2019,3750,408.75,201907
7642,492,risk_checks_failed,21/07/2019,,1499,,
5797,87,loan_written,22/06/2019,20/07/2019,745,48.42,201907
7646,492,affordability_failed,21/07/2019,,1419,,
9689,492,affordability_failed,20/08/2019,,1499,,
7635,331,loan_written,20/07/2019,20/08/2019,2300,158.7,201908
9690,492,affordability_failed,20/08/2019,,1499,,
7658,492,loan_written,22/07/2019,16/08/2019,1499,103.43,201908
7666,492,risk_checks_failed,22/07/2019,,1499,,
9693,492,affordability_failed,20/08/2019,,1499,,
5771,149,loan_written,21/06/2019,21/06/2019,4000,276,201906
7652,409,loan_written,21/07/2019,22/07/2019,2449,168.98,201907
7726,492,loan_written,22/07/2019,22/07/2019,1449,94.18,201907
7732,492,loan_written,23/07/2019,23/07/2019,1419,97.91,201907
7712,492,affordability_failed,22/07/2019,,1449,,
7674,409,loan_written,22/07/2019,22/07/2019,950,61.75,201907
7723,492,application_incomplete,22/07/2019,,1499,,
7672,651,risk_checks_failed,22/07/2019,,1399,,
8978,492,technical_error,09/08/2019,,1499,,
9669,651,loan_written,20/08/2019,20/08/2019,1399,152.49,201908
7640,492,loan_written,21/07/2019,23/07/2019,1449,99.98,201907
7731,492,application_incomplete,22/07/2019,,1499,,
7769,651,affordability_failed,23/07/2019,,1599,,
7770,651,risk_checks_failed,23/07/2019,,1599,,
7761,492,loan_written,23/07/2019,23/07/2019,1499,103.43,201907
7773,492,risk_checks_failed,23/07/2019,,1499,,
7766,60,risk_checks_failed,23/07/2019,,3500,,
6449,87,loan_written,03/07/2019,23/07/2019,2850,139.65,201907
7777,651,application_incomplete,23/07/2019,,1749,,
7790,492,loan_written,23/07/2019,23/07/2019,1449,99.98,201907
7786,651,affordability_failed,23/07/2019,,1599,,
7800,492,loan_written,24/07/2019,24/07/2019,1419,97.91,201907
7793,87,affordability_failed,23/07/2019,,4000,,
7803,87,application_incomplete,24/07/2019,,4000,,
7806,492,loan_written,24/07/2019,24/07/2019,1499,103.43,201907
7393,492,application_incomplete,17/07/2019,,1499,,
7819,492,loan_written,24/07/2019,24/07/2019,1449,99.98,201907
7834,331,loan_written,24/07/2019,24/07/2019,3750,408.75,201907
7844,383,risk_checks_failed,24/07/2019,,3539,,
7859,651,loan_written,24/07/2019,24/07/2019,1599,238.25,201907
7857,60,risk_checks_failed,24/07/2019,,4000,,
7821,651,loan_written,24/07/2019,24/07/2019,1574,108.6,201907
6325,60,loan_written,02/07/2019,02/07/2019,4000,276,201907
7883,492,loan_written,25/07/2019,25/07/2019,1499,103.43,201907
7807,651,loan_written,24/07/2019,25/07/2019,1599,110.33,201907
7936,492,affordability_failed,25/07/2019,,1449,,
7940,492,loan_written,25/07/2019,25/07/2019,1449,99.98,201907
7882,492,loan_written,25/07/2019,25/07/2019,1419,69.53,201907
10108,492,affordability_failed,27/08/2019,,1499,,
7690,651,loan_written,22/07/2019,25/07/2019,1599,142.31,201907
7903,492,affordability_failed,25/07/2019,,1499,,
7913,492,loan_written,25/07/2019,25/07/2019,1499,103.43,201907
7907,492,risk_checks_failed,25/07/2019,,1499,,
10109,492,affordability_failed,27/08/2019,,1499,,
7951,87,risk_checks_failed,25/07/2019,,4000,,
8851,492,technical_error,08/08/2019,,1499,,
8860,492,technical_error,08/08/2019,,1499,,
8858,492,technical_error,08/08/2019,,1499,,
7959,492,loan_written,26/07/2019,26/07/2019,1499,103.43,201907
3986,492,loan_written,16/05/2019,16/05/2019,1499,103.43,201905
7927,492,loan_written,25/07/2019,26/07/2019,1499,103.43,201907
8010,492,affordability_failed,26/07/2019,,1499,,
7979,492,loan_written,26/07/2019,26/07/2019,1419,97.91,201907
7974,492,loan_written,26/07/2019,26/07/2019,1499,103.43,201907
7991,651,risk_checks_failed,26/07/2019,,1599,,
8004,492,loan_written,26/07/2019,26/07/2019,1419,97.91,201907
8009,492,risk_checks_failed,26/07/2019,,1499,,
8022,651,risk_checks_failed,27/07/2019,,1399,,
7998,87,application_incomplete,26/07/2019,,3500,,
8012,492,loan_written,26/07/2019,26/07/2019,1299,89.63,201907
8015,492,risk_checks_failed,26/07/2019,,1499,,
8869,383,technical_error,08/08/2019,,2795,,
8014,492,risk_checks_failed,26/07/2019,,1499,,
8039,492,application_incomplete,27/07/2019,,1499,,
8040,492,risk_checks_failed,27/07/2019,,1499,,
9704,492,affordability_failed,20/08/2019,,1199,,
8025,331,application_incomplete,27/07/2019,,795,,
8880,492,technical_error,08/08/2019,,1499,,
7912,651,affordability_failed,25/07/2019,,1599,,
3295,374,loan_written,02/05/2019,02/05/2019,1399,90.93,201905
7081,331,loan_written,12/07/2019,15/07/2019,4000,276,201907
8068,492,risk_checks_failed,28/07/2019,,1499,,
7900,383,loan_written,25/07/2019,29/07/2019,3489,240.74,201907
8102,149,risk_checks_failed,29/07/2019,,1838,,
8098,492,application_incomplete,29/07/2019,,1499,,
8092,492,loan_written,29/07/2019,29/07/2019,1349,93.08,201907
10111,492,affordability_failed,27/08/2019,,1499,,
10122,492,affordability_failed,27/08/2019,,1499,,
8124,651,loan_written,29/07/2019,29/07/2019,1599,238.25,201907
8147,651,risk_checks_failed,29/07/2019,,1599,,
8152,331,risk_checks_failed,29/07/2019,,1229,,
8155,651,risk_checks_failed,29/07/2019,,1599,,
8162,492,risk_checks_failed,29/07/2019,,1419,,
8139,492,application_incomplete,29/07/2019,,1349,,
8154,331,risk_checks_failed,29/07/2019,,1229,,
8143,492,loan_written,29/07/2019,29/07/2019,1349,93.08,201907
8151,651,affordability_failed,29/07/2019,,1599,,
8158,492,loan_written,29/07/2019,29/07/2019,1499,73.45,201907
9906,492,affordability_failed,22/08/2019,,1424,,
8164,492,risk_checks_failed,29/07/2019,,1419,,
8182,492,loan_written,30/07/2019,30/07/2019,1349,93.08,201907
8891,492,technical_error,08/08/2019,,1499,,
8206,492,loan_written,30/07/2019,30/07/2019,1499,103.43,201907
8893,60,technical_error,08/08/2019,,670,,
8207,383,application_incomplete,30/07/2019,,3550,,
8178,651,loan_written,30/07/2019,30/07/2019,1599,142.31,201907
8271,651,loan_written,31/07/2019,31/07/2019,999,148.85,201907
8274,492,loan_written,31/07/2019,31/07/2019,1349,93.08,201907
8247,492,risk_checks_failed,30/07/2019,,1499,,
8246,87,loan_written,30/07/2019,30/07/2019,3500,171.5,201907
8215,651,loan_written,30/07/2019,30/07/2019,1599,174.29,201907
9686,492,affordability_failed,20/08/2019,,1499,,
8933,383,technical_error,09/08/2019,,3539,,
8266,651,loan_written,31/07/2019,31/07/2019,1599,174.29,201907
8304,651,loan_written,31/07/2019,19/08/2019,1599,174.29,201908
8294,492,loan_written,31/07/2019,31/07/2019,1499,103.43,201907
8312,492,risk_checks_failed,31/07/2019,,1499,,
8322,651,risk_checks_failed,31/07/2019,,1599,,
8278,651,risk_checks_failed,31/07/2019,,1100,,
8336,492,loan_written,31/07/2019,31/07/2019,1499,15.19,201907
8317,651,loan_written,31/07/2019,31/07/2019,1599,238.25,201907
8340,492,affordability_failed,31/07/2019,,1499,,
8354,492,risk_checks_failed,31/07/2019,,1499,,
8351,492,loan_written,31/07/2019,31/07/2019,1349,93.08,201907
8348,492,loan_written,31/07/2019,31/07/2019,1349,87.68,201907
8347,492,risk_checks_failed,31/07/2019,,1499,,
9929,492,affordability_failed,22/08/2019,,1499,,
8363,87,technical_error,01/08/2019,,500,,
9711,492,affordability_failed,21/08/2019,,1499,,
8374,492,technical_error,01/08/2019,,1499,,
8386,492,technical_error,01/08/2019,,1499,,
8441,492,technical_error,01/08/2019,,1499,,
9712,492,affordability_failed,21/08/2019,,1424,,
8432,492,technical_error,01/08/2019,,1499,,
8434,492,technical_error,01/08/2019,,1499,,
8431,492,technical_error,01/08/2019,,1499,,
8414,492,technical_error,01/08/2019,,1419,,
7522,331,loan_written,18/07/2019,01/08/2019,1229,84.8,201908
8090,651,loan_written,29/07/2019,01/08/2019,1599,103.93,201908
8194,383,loan_written,30/07/2019,01/08/2019,2795,192.85,201908
9134,651,application_incomplete,13/08/2019,,1000,,
8447,331,technical_error,01/08/2019,,1229,,
8295,60,loan_written,31/07/2019,01/08/2019,4000,276,201908
8906,492,technical_error,09/08/2019,,1499,,
8073,383,loan_written,29/07/2019,01/08/2019,3539,67.24,201908
8019,60,risk_checks_failed,27/07/2019,,3390,,
8910,492,technical_error,09/08/2019,,1499,,
8919,492,technical_error,09/08/2019,,1499,,
8460,492,technical_error,01/08/2019,,1499,,
8457,492,technical_error,01/08/2019,,1499,,
8389,651,loan_written,01/08/2019,01/08/2019,1599,174.29,201908
8903,492,technical_error,08/08/2019,,1499,,
8907,492,technical_error,09/08/2019,,1499,,
8897,492,technical_error,08/08/2019,,1499,,
8905,492,technical_error,09/08/2019,,1499,,
8469,87,technical_error,02/08/2019,,500,,
8465,492,technical_error,02/08/2019,,1449,,
8259,383,loan_written,31/07/2019,02/08/2019,3295,227.35,201908
9717,492,affordability_failed,21/08/2019,,1499,,
8489,492,technical_error,02/08/2019,,1419,,
8473,492,technical_error,02/08/2019,,1499,,
8493,492,technical_error,02/08/2019,,1499,,
8884,492,technical_error,08/08/2019,,1499,,
8908,492,technical_error,09/08/2019,,1299,,
8166,149,loan_written,30/07/2019,02/08/2019,3250,224.25,201908
8934,492,technical_error,09/08/2019,,1449,,
8494,492,technical_error,02/08/2019,,1449,,
9720,651,risk_checks_failed,21/08/2019,,1199,,
8937,651,affordability_failed,09/08/2019,,1599,,
8984,492,technical_error,09/08/2019,,1499,,
8985,492,technical_error,09/08/2019,,1499,,
8986,492,technical_error,09/08/2019,,1499,,
8987,492,technical_error,09/08/2019,,1499,,
8991,492,technical_error,10/08/2019,,1499,,
8998,87,technical_error,10/08/2019,,4000,,
8996,492,technical_error,10/08/2019,,1499,,
9015,492,technical_error,11/08/2019,,1499,,
8211,651,loan_written,30/07/2019,10/08/2019,1399,152.49,201908
9011,492,technical_error,10/08/2019,,1499,,
9014,492,technical_error,11/08/2019,,1499,,
8651,383,technical_error,06/08/2019,,3489,,
9028,492,technical_error,12/08/2019,,1499,,
9039,492,technical_error,12/08/2019,,1249,,
9046,492,technical_error,12/08/2019,,1449,,
9035,651,risk_checks_failed,12/08/2019,,1599,,
9048,492,technical_error,12/08/2019,,1499,,
9077,492,technical_error,12/08/2019,,1499,,
9061,492,technical_error,12/08/2019,,1499,,
9067,492,technical_error,12/08/2019,,1499,,
9089,651,loan_written,12/08/2019,12/08/2019,1349,201,201908
9096,492,technical_error,12/08/2019,,1499,,
9105,492,technical_error,12/08/2019,,1499,,
9054,651,loan_written,12/08/2019,12/08/2019,1599,142.31,201908
9122,492,technical_error,13/08/2019,,1499,,
9107,492,technical_error,13/08/2019,,1499,,
9127,492,technical_error,13/08/2019,,1499,,
9722,651,loan_written,21/08/2019,21/08/2019,1199,178.65,201908
9133,651,loan_written,13/08/2019,13/08/2019,1599,142.31,201908
9150,492,technical_error,13/08/2019,,1499,,
9154,492,technical_error,13/08/2019,,1499,,
9745,492,affordability_failed,21/08/2019,,1499,,
9163,651,application_incomplete,13/08/2019,,1000,,
9106,383,technical_error,13/08/2019,,4000,,
9191,651,loan_written,13/08/2019,17/08/2019,1599,174.29,201908
9194,492,technical_error,13/08/2019,,1499,,
9040,651,affordability_failed,12/08/2019,,1599,,
9193,492,technical_error,13/08/2019,,1499,,
9138,651,loan_written,13/08/2019,13/08/2019,1599,174.29,201908
8688,383,technical_error,06/08/2019,,1839,,
9674,492,affordability_failed,20/08/2019,,1499,,
8509,492,technical_error,02/08/2019,,1499,,
9758,492,affordability_failed,21/08/2019,,1424,,
8515,492,technical_error,02/08/2019,,1499,,
4374,492,loan_written,24/05/2019,24/05/2019,1499,97.43,201905
9784,651,risk_checks_failed,21/08/2019,,1349,,
3903,492,loan_written,15/05/2019,15/05/2019,1499,103.43,201905
4212,492,loan_written,21/05/2019,21/05/2019,1449,99.98,201905
6030,60,loan_written,26/06/2019,26/06/2019,4000,276,201906
3304,149,loan_written,02/05/2019,02/05/2019,994.15,64.61,201905
9056,331,technical_error,12/08/2019,,3671,,
9115,60,technical_error,13/08/2019,,4000,,
3514,492,loan_written,08/05/2019,08/05/2019,1449,99.98,201905
3574,374,loan_written,08/05/2019,08/05/2019,1124.28,73.07,201905
3503,374,loan_written,08/05/2019,08/05/2019,582.75,28.55,201905
3556,374,loan_written,08/05/2019,09/05/2019,999.36,64.95,201905
3676,492,loan_written,09/05/2019,09/05/2019,1449,94.18,201905
3658,492,loan_written,09/05/2019,09/05/2019,1449,99.98,201905
3713,149,loan_written,10/05/2019,10/05/2019,4000,276,201905
3721,60,loan_written,10/05/2019,10/05/2019,1040,67.59,201905
3755,87,risk_checks_failed,11/05/2019,,3800,,
3756,87,risk_checks_failed,11/05/2019,,3800,,
3566,374,loan_written,08/05/2019,13/05/2019,1124.28,73.07,201905
3884,492,loan_written,15/05/2019,15/05/2019,1499,97.43,201905
3915,87,loan_written,15/05/2019,16/05/2019,4000,276,201905
3897,492,loan_written,15/05/2019,15/05/2019,1399,90.93,201905
4348,331,loan_written,24/05/2019,24/05/2019,4000,276,201905
4070,492,loan_written,18/05/2019,18/05/2019,1499,97.43,201905
3821,149,loan_written,13/05/2019,20/05/2019,4000,276,201905
4134,492,loan_written,20/05/2019,20/05/2019,1499,103.43,201905
4433,492,loan_written,27/05/2019,27/05/2019,1349,66.1,201905
4217,374,loan_written,22/05/2019,28/05/2019,1125,77.62,201905
3550,374,loan_written,08/05/2019,31/05/2019,999.36,64.95,201905
4494,409,loan_written,28/05/2019,30/05/2019,1199,46.76,201905
4023,374,loan_written,17/05/2019,30/05/2019,1499,103.43,201905
4727,87,risk_checks_failed,01/06/2019,,650,,
4867,492,loan_written,05/06/2019,05/06/2019,1499,103.43,201906
4057,492,loan_written,17/05/2019,17/05/2019,1349,66.1,201905
9824,492,affordability_failed,21/08/2019,,1499,,
5348,383,loan_written,14/06/2019,18/06/2019,2460,169.74,201906
6228,60,risk_checks_failed,29/06/2019,,3910,,
6385,492,loan_written,02/07/2019,02/07/2019,1499,97.43,201907
6269,492,loan_written,01/07/2019,01/07/2019,1349,93.08,201907
6255,492,application_incomplete,01/07/2019,,1499,,
8601,492,technical_error,05/08/2019,,1499,,
6569,492,loan_written,05/07/2019,05/07/2019,1399,96.53,201907
6730,492,application_incomplete,08/07/2019,,1499,,
8268,149,loan_written,31/07/2019,01/08/2019,1389,90.28,201908
7127,87,loan_written,13/07/2019,13/07/2019,2900,142.1,201907
7252,492,application_incomplete,15/07/2019,,1449,,
8764,492,technical_error,07/08/2019,,1499,,
6915,651,loan_written,10/07/2019,17/07/2019,1599,103.93,201907
8804,492,technical_error,07/08/2019,,1499,,
7569,492,loan_written,19/07/2019,19/07/2019,1419,97.91,201907
7583,492,application_incomplete,19/07/2019,,1499,,
7614,492,loan_written,20/07/2019,20/07/2019,1499,103.43,201907
7647,492,loan_written,21/07/2019,21/07/2019,1419,97.91,201907
7781,651,risk_checks_failed,23/07/2019,,1399,,
7842,492,loan_written,24/07/2019,24/07/2019,1449,99.98,201907
7915,492,loan_written,25/07/2019,25/07/2019,1419,97.91,201907
7954,492,loan_written,25/07/2019,25/07/2019,1499,97.43,201907
8857,492,technical_error,08/08/2019,,1499,,
8828,651,affordability_failed,07/08/2019,,1599,,
8013,492,loan_written,26/07/2019,26/07/2019,1499,103.43,201907
7983,651,loan_written,26/07/2019,27/07/2019,1399,96.53,201907
8006,492,loan_written,26/07/2019,28/07/2019,1379,95.15,201907
8134,492,loan_written,29/07/2019,29/07/2019,1499,103.43,201907
8751,678,loan_written,07/08/2019,08/08/2019,643,44.36,201908
8244,492,loan_written,30/07/2019,30/07/2019,1399,96.53,201907
8319,492,loan_written,31/07/2019,31/07/2019,1349,93.08,201907
8398,492,technical_error,01/08/2019,,1449,,
8837,651,loan_written,08/08/2019,09/08/2019,1399,152.49,201908
8977,651,loan_written,09/08/2019,09/08/2019,1599,142.31,201908
9548,492,affordability_failed,19/08/2019,,1499,,
9756,492,affordability_failed,21/08/2019,,1499,,
9755,492,affordability_failed,21/08/2019,,1424,,
9726,678,application_incomplete,21/08/2019,,400,,
9797,87,loan_written,21/08/2019,21/08/2019,4000,276,201908
9796,651,risk_checks_failed,21/08/2019,,1199,,
9025,87,technical_error,12/08/2019,,475,,
9661,651,loan_written,20/08/2019,21/08/2019,1199,82.73,201908
9838,492,affordability_failed,22/08/2019,,1424,,
9844,60,loan_written,22/08/2019,22/08/2019,2570,177.33,201908
9710,492,affordability_failed,20/08/2019,,1499,,
9832,492,affordability_failed,21/08/2019,,1424,,
9835,492,affordability_failed,22/08/2019,,1424,,
9846,651,risk_checks_failed,22/08/2019,,1199,,
9839,492,affordability_failed,22/08/2019,,1424,,
9847,492,affordability_failed,22/08/2019,,1424,,
9715,492,affordability_failed,21/08/2019,,1419,,
9870,492,affordability_failed,22/08/2019,,1499,,
9894,492,affordability_failed,22/08/2019,,1349,,
9892,87,loan_written,22/08/2019,22/08/2019,4000,75.99,201908
9917,492,affordability_failed,22/08/2019,,1499,,
9908,651,loan_written,22/08/2019,22/08/2019,1499,163.39,201908
9926,492,affordability_failed,22/08/2019,,1424,,
9923,331,loan_written,22/08/2019,22/08/2019,4000,276,201908
9925,492,affordability_failed,22/08/2019,,1424,,
9931,492,affordability_failed,22/08/2019,,1499,,
9932,492,affordability_failed,22/08/2019,,1499,,
9936,492,affordability_failed,23/08/2019,,1424,,
9934,492,affordability_failed,22/08/2019,,1499,,
9935,492,affordability_failed,22/08/2019,,1499,,
7441,492,loan_written,17/07/2019,23/07/2019,1419,97.91,201907
9976,492,affordability_failed,23/08/2019,,1424,,
3552,374,loan_written,08/05/2019,08/05/2019,999.36,64.95,201905
5327,60,loan_written,13/06/2019,13/06/2019,3850,265.65,201906
9889,651,affordability_failed,22/08/2019,,1199,,
10007,492,affordability_failed,24/08/2019,,1499,,
10009,492,affordability_failed,24/08/2019,,1499,,
10013,492,affordability_failed,24/08/2019,,1499,,
10015,60,risk_checks_failed,24/08/2019,,3530,,
10006,492,affordability_failed,24/08/2019,,1499,,
10016,492,affordability_failed,24/08/2019,,1499,,
10019,492,affordability_failed,24/08/2019,,1499,,
10020,492,affordability_failed,24/08/2019,,1499,,
10014,492,affordability_failed,24/08/2019,,1499,,
10017,492,affordability_failed,24/08/2019,,1499,,
9434,651,application_incomplete,16/08/2019,,1599,,
10024,492,affordability_failed,26/08/2019,,1499,,
10022,492,affordability_failed,25/08/2019,,1499,,
9992,492,affordability_failed,23/08/2019,,1424,,
10029,492,affordability_failed,26/08/2019,,1499,,
10035,492,affordability_failed,26/08/2019,,1424,,
10039,492,affordability_failed,26/08/2019,,1419,,
10038,651,loan_written,26/08/2019,26/08/2019,1599,174.29,201908
10041,492,affordability_failed,26/08/2019,,1499,,
10043,492,affordability_failed,26/08/2019,,1499,,
9707,492,affordability_failed,20/08/2019,,1499,,
10046,651,loan_written,26/08/2019,26/08/2019,1199,130.69,201908
10028,651,loan_written,26/08/2019,26/08/2019,1599,78.35,201908
10049,492,affordability_failed,26/08/2019,,1499,,
8695,651,loan_written,06/08/2019,27/08/2019,1599,110.33,201908
10054,492,affordability_failed,27/08/2019,,1499,,
10100,492,affordability_failed,27/08/2019,,1499,,
10084,492,affordability_failed,27/08/2019,,1499,,
10091,492,affordability_failed,27/08/2019,,1499,,
10085,492,affordability_failed,27/08/2019,,1499,,
10096,87,loan_written,27/08/2019,06/09/2019,1500,103.5,201909
10087,492,affordability_failed,27/08/2019,,1499,,
10097,492,affordability_failed,27/08/2019,,1499,,
10099,492,affordability_failed,27/08/2019,,1349,,
10112,492,affordability_failed,27/08/2019,,1499,,
10113,492,affordability_failed,27/08/2019,,1499,,
10121,492,affordability_failed,27/08/2019,,1499,,
3476,374,loan_written,08/05/2019,09/05/2019,324.75,15.91,201905
10157,492,affordability_failed,27/08/2019,,1499,,
10156,492,affordability_failed,27/08/2019,,1499,,
10158,492,affordability_failed,27/08/2019,,1499,,
4011,374,loan_written,17/05/2019,31/05/2019,1125,77.62,201905
4213,374,loan_written,21/05/2019,21/05/2019,1125,55.12,201905
5003,331,loan_written,07/06/2019,07/06/2019,3724,70.75,201906
10163,492,affordability_failed,27/08/2019,,1499,,
5420,87,loan_written,15/06/2019,19/06/2019,2900,200.1,201906
10033,492,affordability_failed,26/08/2019,,1424,,
10180,492,affordability_failed,28/08/2019,,1499,,
10095,651,application_incomplete,27/08/2019,,1099,,
10177,492,affordability_failed,28/08/2019,,1499,,
8470,87,technical_error,02/08/2019,,4000,,
10198,651,loan_written,28/08/2019,28/08/2019,1199,178.65,201908
10223,651,loan_written,28/08/2019,04/09/2019,1199,178.65,201909
10185,492,affordability_failed,28/08/2019,,1499,,
10225,651,loan_written,28/08/2019,28/08/2019,1499,163.39,201908
10248,492,affordability_failed,28/08/2019,,1449,,
10253,651,risk_checks_failed,28/08/2019,,1599,,
3920,374,loan_written,15/05/2019,29/05/2019,1125,55.12,201905
4980,87,loan_written,06/06/2019,06/06/2019,1500,73.5,201906
10240,383,loan_written,28/08/2019,28/08/2019,4000,276,201908
10264,87,application_incomplete,29/08/2019,,1400,,
8243,492,loan_written,30/07/2019,30/07/2019,1349,93.08,201907
10271,492,affordability_failed,29/08/2019,,1499,,
10275,492,affordability_failed,29/08/2019,,1499,,
10263,492,affordability_failed,29/08/2019,,1349,,
10285,651,affordability_failed,29/08/2019,,1649,,
8794,383,technical_error,07/08/2019,,3539,,
10291,492,affordability_failed,29/08/2019,,1424,,
8157,87,loan_written,29/07/2019,29/08/2019,1540,106.26,201908
10295,492,affordability_failed,29/08/2019,,1499,,
10286,651,loan_written,29/08/2019,29/08/2019,1649,179.74,201908
10284,383,loan_written,29/08/2019,29/08/2019,3289,226.94,201908
10276,651,loan_written,29/08/2019,29/08/2019,999,68.93,201908
10304,383,loan_written,29/08/2019,29/08/2019,3400,64.6,201908
10304,383,loan_written,29/08/2019,29/08/2019,3400,64.6,201908
10318,87,risk_checks_failed,29/08/2019,,804,,
10346,492,affordability_failed,30/08/2019,,1499,,
10347,492,affordability_failed,30/08/2019,,1499,,
6105,492,loan_written,27/06/2019,27/06/2019,1369,94.46,201906
7799,492,loan_written,23/07/2019,23/07/2019,1499,97.43,201907
10348,492,affordability_failed,30/08/2019,,1499,,
5925,492,loan_written,25/06/2019,25/06/2019,1499,103.43,201906
6080,492,loan_written,27/06/2019,28/06/2019,1499,97.43,201906
10359,383,application_incomplete,30/08/2019,,2795,,
6075,492,loan_written,27/06/2019,27/06/2019,1349,93.08,201906
10371,678,application_incomplete,30/08/2019,,2900,,
6086,492,loan_written,27/06/2019,27/06/2019,1499,103.43,201906
10385,87,application_incomplete,30/08/2019,,1700,,
4804,492,loan_written,04/06/2019,04/06/2019,1499,73.45,201906
10269,149,loan_written,29/08/2019,30/08/2019,3986,275.03,201908
10394,492,affordability_failed,30/08/2019,,1299,,
10384,492,affordability_failed,30/08/2019,,1499,,
5912,492,loan_written,25/06/2019,25/06/2019,1499,97.43,201906
10372,678,loan_written,30/08/2019,30/08/2019,1126,77.69,201908
10403,331,loan_written,30/08/2019,30/08/2019,3284,357.95,201908
10396,651,risk_checks_failed,30/08/2019,,1349,,
10395,651,risk_checks_failed,30/08/2019,,1349,,
4643,492,loan_written,30/05/2019,30/05/2019,1499,103.43,201905
5786,492,loan_written,21/06/2019,21/06/2019,1399,96.53,201906
6126,492,loan_written,27/06/2019,27/06/2019,1499,103.43,201906
5982,492,loan_written,25/06/2019,27/06/2019,1499,103.43,201906
10391,492,affordability_failed,30/08/2019,,1299,,
10388,492,affordability_failed,30/08/2019,,1299,,
10392,492,affordability_failed,30/08/2019,,1499,,
6202,492,loan_written,28/06/2019,28/06/2019,1499,103.43,201906
5837,492,loan_written,23/06/2019,23/06/2019,1499,103.43,201906
6316,492,loan_written,02/07/2019,02/07/2019,1499,97.43,201907
6477,492,loan_written,03/07/2019,03/07/2019,1499,103.43,201907
6096,492,loan_written,27/06/2019,27/06/2019,1499,103.43,201906
6052,492,loan_written,27/06/2019,27/06/2019,1499,103.43,201906
7267,492,loan_written,15/07/2019,16/07/2019,1499,103.43,201907
7049,492,loan_written,12/07/2019,12/07/2019,1499,103.43,201907
6400,492,loan_written,03/07/2019,03/07/2019,1499,103.43,201907
7293,492,loan_written,16/07/2019,16/07/2019,1449,99.98,201907
7095,492,loan_written,12/07/2019,12/07/2019,1499,73.45,201907
7305,492,loan_written,16/07/2019,16/07/2019,1399,96.53,201907
6253,492,loan_written,01/07/2019,01/07/2019,1449,99.98,201907
6823,492,loan_written,09/07/2019,09/07/2019,1499,103.43,201907
6812,492,loan_written,09/07/2019,09/07/2019,1499,103.43,201907
7480,492,loan_written,18/07/2019,18/07/2019,1419,97.91,201907
7176,492,loan_written,15/07/2019,15/07/2019,1499,103.43,201907
7039,492,loan_written,11/07/2019,12/07/2019,1499,103.43,201907
7488,492,loan_written,18/07/2019,18/07/2019,1499,103.43,201907
6817,492,loan_written,09/07/2019,09/07/2019,1499,103.43,201907
6813,492,loan_written,09/07/2019,09/07/2019,1449,99.98,201907
6976,492,loan_written,11/07/2019,11/07/2019,1449,71,201907
6972,492,loan_written,10/07/2019,10/07/2019,1449,94.18,201907
7269,492,loan_written,15/07/2019,15/07/2019,1499,103.43,201907
6308,492,loan_written,01/07/2019,01/07/2019,1499,97.43,201907
6917,492,loan_written,10/07/2019,10/07/2019,1449,71,201907
6880,492,loan_written,10/07/2019,10/07/2019,1499,103.43,201907
10438,651,loan_written,30/08/2019,30/08/2019,1499,103.43,201908
10441,492,affordability_failed,30/08/2019,,1299,,
10422,651,loan_written,30/08/2019,30/08/2019,1199,82.73,201908
10443,149,loan_written,30/08/2019,30/08/2019,3553,230.94,201908
10448,60,risk_checks_failed,30/08/2019,,3363,,
8159,492,loan_written,29/07/2019,29/07/2019,1499,103.43,201907
7434,492,loan_written,17/07/2019,17/07/2019,1419,97.91,201907
6608,492,loan_written,05/07/2019,05/07/2019,1399,90.93,201907
10451,492,affordability_failed,30/08/2019,,1299,,
6842,492,loan_written,09/07/2019,09/07/2019,1349,93.08,201907
7526,492,loan_written,18/07/2019,18/07/2019,1419,97.91,201907
7454,492,loan_written,18/07/2019,18/07/2019,1499,97.43,201907
7384,492,loan_written,17/07/2019,18/07/2019,1419,97.91,201907
7682,492,loan_written,22/07/2019,22/07/2019,1419,97.91,201907
6667,492,loan_written,08/07/2019,08/07/2019,1499,103.43,201907
6843,492,loan_written,09/07/2019,09/07/2019,1419,69.53,201907
7722,492,loan_written,22/07/2019,22/07/2019,1449,99.98,201907
7088,492,loan_written,12/07/2019,12/07/2019,1499,103.43,201907
7705,492,loan_written,22/07/2019,22/07/2019,1369,94.46,201907
7249,492,loan_written,15/07/2019,16/07/2019,1449,99.98,201907
7531,492,loan_written,18/07/2019,18/07/2019,1449,99.98,201907
5990,492,loan_written,26/06/2019,10/07/2019,1499,103.43,201907
7439,492,loan_written,17/07/2019,17/07/2019,1449,99.98,201907
6840,492,loan_written,09/07/2019,09/07/2019,1499,103.43,201907
7064,492,loan_written,12/07/2019,12/07/2019,1419,97.91,201907
7654,492,loan_written,21/07/2019,21/07/2019,1499,103.43,201907
7296,492,loan_written,16/07/2019,16/07/2019,1449,99.98,201907
7600,492,loan_written,19/07/2019,19/07/2019,1449,94.18,201907
7602,492,loan_written,19/07/2019,19/07/2019,1499,97.43,201907
7727,492,loan_written,22/07/2019,22/07/2019,1419,69.53,201907
10459,492,affordability_failed,30/08/2019,,1299,,
10460,492,affordability_failed,30/08/2019,,1299,,
10461,492,affordability_failed,30/08/2019,,1299,,
10462,492,affordability_failed,30/08/2019,,1299,,
10468,492,affordability_failed,30/08/2019,,1299,,
10470,492,affordability_failed,30/08/2019,,1299,,
10472,492,affordability_failed,30/08/2019,,1299,,
10474,492,affordability_failed,30/08/2019,,1299,,
10484,492,affordability_failed,30/08/2019,,1299,,
10486,492,application_incomplete,31/08/2019,,1299,,
10503,492,risk_checks_failed,31/08/2019,,1299,,
10487,492,loan_written,31/08/2019,31/08/2019,1299,63.65,201908
10477,492,affordability_failed,30/08/2019,,1299,,
10488,492,risk_checks_failed,31/08/2019,,1299,,
10480,492,affordability_failed,30/08/2019,,1499,,
10482,492,affordability_failed,30/08/2019,,1299,,
10499,60,loan_written,31/08/2019,31/08/2019,4000,276,201908
10490,492,risk_checks_failed,31/08/2019,,1299,,
10525,651,loan_written,31/08/2019,31/08/2019,1399,152.49,201908
10485,492,risk_checks_failed,31/08/2019,,1299,,
10521,492,loan_written,31/08/2019,31/08/2019,1299,89.63,201908
10516,492,application_incomplete,31/08/2019,,1499,,
10519,492,application_incomplete,31/08/2019,,1299,,
10518,492,affordability_failed,31/08/2019,,1299,,
10324,651,risk_checks_failed,29/08/2019,,1599,,
10522,492,loan_written,31/08/2019,31/08/2019,1299,89.63,201908
10527,492,loan_written,31/08/2019,31/08/2019,1299,63.65,201908
10526,492,loan_written,31/08/2019,31/08/2019,1299,89.63,201908
10533,651,loan_written,31/08/2019,31/08/2019,1399,208.45,201908
10534,651,loan_written,31/08/2019,31/08/2019,1299,193.55,201908
10539,492,application_incomplete,31/08/2019,,1299,,
9994,651,affordability_failed,24/08/2019,,1199,,
10543,60,risk_checks_failed,31/08/2019,,2740,,
10545,492,loan_written,31/08/2019,31/08/2019,1499,97.43,201908
10542,651,risk_checks_failed,31/08/2019,,1199,,
10548,492,loan_written,31/08/2019,31/08/2019,1299,89.63,201908
7497,492,loan_written,18/07/2019,18/07/2019,1419,69.53,201907
10558,492,application_incomplete,31/08/2019,,1299,,
10555,492,loan_written,31/08/2019,31/08/2019,1499,103.43,201908
10559,492,application_incomplete,31/08/2019,,1299,,
7668,492,loan_written,22/07/2019,22/07/2019,1419,97.91,201907
10464,492,affordability_failed,30/08/2019,,1299,,
7435,492,loan_written,17/07/2019,17/07/2019,1399,90.93,201907
8016,492,loan_written,26/07/2019,26/07/2019,1499,103.43,201907
8870,492,technical_error,08/08/2019,,1419,,
10554,492,loan_written,31/08/2019,31/08/2019,1299,84.43,201908
10557,492,application_incomplete,31/08/2019,,1499,,
10412,651,loan_written,30/08/2019,01/09/2019,1099,97.81,201909
10553,492,loan_written,31/08/2019,01/09/2019,1299,89.63,201909
10556,492,loan_written,31/08/2019,31/08/2019,1299,89.63,201908
9198,651,application_incomplete,14/08/2019,,1399,,
9093,492,technical_error,12/08/2019,,1499,,
10500,651,loan_written,31/08/2019,03/09/2019,1599,103.93,201909
9258,492,technical_error,14/08/2019,,1419,,
10508,60,affordability_failed,31/08/2019,,2740,,
10309,651,risk_checks_failed,29/08/2019,,1199,,
8023,60,loan_written,27/07/2019,27/07/2019,700,45.5,201907
7352,492,loan_written,16/07/2019,16/07/2019,1399,90.93,201907
6578,492,loan_written,05/07/2019,05/07/2019,1399,96.53,201907
8366,651,loan_written,01/08/2019,06/08/2019,1599,238.25,201908
3569,374,loan_written,08/05/2019,09/05/2019,1124.28,73.07,201905
3594,87,loan_written,08/05/2019,09/05/2019,740,51.06,201905
4426,492,loan_written,26/05/2019,26/05/2019,1499,103.43,201905
10282,331,loan_written,29/08/2019,10/09/2019,3000,327,201909
6900,492,loan_written,10/07/2019,10/07/2019,1369,94.46,201907
6310,492,loan_written,01/07/2019,01/07/2019,1499,73.45,201907