plan_id,offer_id,number_of_months,interest_rate,regulated
68,107,12,0,FALSE
698,928,12,0,FALSE
2713,3292,12,0,FALSE
4244,5138,12,0,FALSE
4255,5157,12,0,FALSE
2232,2720,12,0,FALSE
1516,1966,36,0.099,TRUE
7710,9206,12,0,FALSE
2245,2738,10,0,FALSE
2552,3120,12,0,FALSE
768,1016,12,0,FALSE
5826,7084,12,0,FALSE
2254,2752,12,0,FALSE
2265,2763,12,0,FALSE
7716,9216,12,0,FALSE
2262,2758,10,0,FALSE
1536,1973,12,0,FALSE
786,1040,12,0,FALSE
1055,1408,12,0,FALSE
857,1131,12,0,FALSE
71,104,12,0,FALSE
4352,5287,12,0,FALSE
112,167,12,0,FALSE
93,144,12,0,FALSE
8658,10272,18,0,TRUE
1095,1457,12,0,FALSE
8765,4870,12,0,FALSE
1093,1413,12,0,FALSE
8880,10467,12,0,FALSE
1097,1456,12,0,FALSE
4538,2539,12,0,FALSE
1114,1461,12,0,FALSE
3210,3870,12,0,FALSE
7724,9233,10,0,FALSE
885,1160,12,0,FALSE
1130,1501,12,0,FALSE
1587,2049,48,0.099,TRUE
578,778,12,0,FALSE
3301,4025,12,0,FALSE
7725,9234,10,0,FALSE
6613,8054,12,0,FALSE
915,1200,12,0,FALSE
8885,10476,12,0,FALSE
8887,10478,6,0,FALSE
7462,8929,12,0,FALSE
2277,2773,12,0,FALSE
1155,1532,10,0,FALSE
949,1247,12,0,FALSE
7467,8941,12,0,FALSE
3407,4152,12,0,FALSE
7733,9238,18,0.099,TRUE
7734,9239,12,0,FALSE
1172,1557,12,0,FALSE
7736,9241,12,0,FALSE
7738,9244,36,0,TRUE
9303,10975,12,0,FALSE
6755,8173,12,0,FALSE
7032,8511,12,0,FALSE
3528,3547,3,0,FALSE
7745,9257,12,0,FALSE
3410,3551,10,0,FALSE
6445,7802,24,0,TRUE
6443,7826,36,0.099,TRUE
1034,1369,24,0.099,TRUE
1248,1628,12,0,FALSE
225,325,12,0,FALSE
983,1305,12,0,FALSE
2879,3480,3,0,FALSE
3411,3516,10,0,FALSE
1256,1586,12,0,FALSE
2290,2795,12,0,FALSE
2300,2805,6,0,FALSE
2301,2806,10,0,FALSE
2304,2808,12,0,FALSE
2311,2816,12,0,FALSE
2312,2819,10,0,FALSE
1299,1715,12,0,FALSE
1308,1725,12,0,FALSE
1318,1733,12,0,FALSE
1312,1710,24,0.099,TRUE
1313,1729,24,0.099,TRUE
6455,7881,6,0,FALSE
1686,2158,36,0.099,TRUE
1675,2147,12,0,FALSE
1685,2157,36,0.099,TRUE
1676,2141,12,0,FALSE
1337,1746,12,0,FALSE
3417,4171,12,0,FALSE
3419,4175,12,0,FALSE
3420,3360,6,0,FALSE
1253,1656,12,0,FALSE
2321,2830,60,0.099,TRUE
2322,2832,60,0.099,TRUE
2323,2833,60,0.099,TRUE
7039,8523,12,0,FALSE
121,182,12,0,FALSE
1353,1773,12,0,FALSE
1357,1775,12,0,FALSE
2333,2842,6,0,FALSE
90,141,12,0,FALSE
4974,6029,10,0,FALSE
2559,2469,12,0,FALSE
122,183,12,0,FALSE
1713,2179,12,0,FALSE
3429,3508,10,0,FALSE
9137,10350,12,0,FALSE
1397,1799,12,0,FALSE
1722,2170,12,0,FALSE
1734,2196,12,0,FALSE
1735,2198,10,0,FALSE
2350,2859,12,0,FALSE
7329,8785,24,0,TRUE
1743,2204,24,0.099,TRUE
1740,2203,24,0.099,TRUE
9068,10681,12,0,FALSE
9150,2226,60,0.099,FALSE
1415,1849,12,0,FALSE
9104,10731,18,0,TRUE
6756,8175,12,0,FALSE
7042,8525,12,0,FALSE
2561,3131,12,0,FALSE
2564,1832,12,0,FALSE
7758,9275,18,0.099,TRUE
2340,2851,12,0,FALSE
7762,9281,12,0,FALSE
2352,2863,10,0,FALSE
7764,9282,12,0,FALSE
1785,2260,24,0.099,TRUE
7766,9283,12,0,FALSE
3579,4366,24,0.099,TRUE
2366,2884,10,0,FALSE
2375,2895,12,0,FALSE
9195,10850,12,0,FALSE
1802,2267,18,0.099,TRUE
6783,8210,24,0,TRUE
1808,2269,18,0.099,TRUE
2567,3132,6,0,FALSE
7772,9288,10,0,FALSE
7773,9287,18,0,TRUE
526,723,12,0,FALSE
9204,10858,6,0,FALSE
1852,2292,12,0,FALSE
2957,3575,10,0,FALSE
559,755,12,0,FALSE
1862,2276,12,0,FALSE
9378,11062,12,0,FALSE
3707,3571,10,0,FALSE
9377,11061,12,0,FALSE
9379,11063,12,0,FALSE
4912,2662,2,0,FALSE
7016,8484,12,0,FALSE
2439,2964,12,0,FALSE
2441,2965,12,0,FALSE
3438,4208,12,0,FALSE
2857,3460,12,0,FALSE
7743,9253,12,0,FALSE
5760,7009,10,0,FALSE
1950,2363,24,0.099,TRUE
5758,7007,12,0,FALSE
9518,11206,10,0,FALSE
7481,8950,36,0,TRUE
2035,2453,12,0,FALSE
8186,9773,12,0,FALSE
2317,2818,3,0,FALSE
7790,9307,9,0,FALSE
7792,9311,9,0,FALSE
1942,2393,12,0,FALSE
2615,3176,24,0.099,TRUE
2040,2458,12,0,FALSE
2051,2472,12,0,FALSE
2484,3017,12,0,FALSE
2056,2429,10,0,FALSE
2432,2856,12,0,FALSE
2041,2462,10,0,FALSE
6858,8309,12,0,FALSE
2098,2532,12,0,FALSE
2101,2537,12,0,FALSE
2496,3037,12,0,FALSE
2117,2560,12,0,FALSE
2109,2544,12,0,FALSE
6986,8450,12,0,FALSE
2120,2564,10,0,FALSE
2511,3047,12,0,FALSE
2123,2571,12,0,FALSE
2136,1135,12,0,FALSE
2517,2940,12,0,FALSE
2523,3083,10,0,FALSE
2514,3069,12,0,FALSE
2178,2650,10,0,FALSE
2540,3099,10,0,FALSE
2539,3096,12,0,FALSE
2544,3104,12,0,FALSE
3439,3919,12,0,FALSE
3441,4211,6,0,FALSE
7056,8535,12,0,FALSE
2198,2667,24,0.099,TRUE
2603,3166,12,0,FALSE
2200,2675,12,0,FALSE
99,155,12,0,FALSE
7810,9334,10,0,FALSE
338,471,12,0,FALSE
7482,8952,12,0,FALSE
7805,9327,12,0,FALSE
415,578,12,0,FALSE
7808,9331,12,0,FALSE
73,118,12,0,FALSE
7809,9332,12,0,FALSE
116,165,6,0,FALSE
432,601,12,0,FALSE
111,171,12,0,FALSE
195,279,12,0,FALSE
4017,4861,6,0,FALSE
7823,9329,12,0,FALSE
319,450,12,0,FALSE
368,511,12,0,FALSE
7804,9325,12,0,FALSE
7838,8912,24,0,TRUE
509,691,12,0,FALSE
531,730,12,0,FALSE
7759,9277,12,0,FALSE
7841,9354,24,0,TRUE
591,799,12,0,FALSE
7844,9366,12,0,FALSE
5005,6060,12,0,FALSE
624,842,12,0,FALSE
625,843,6,0,FALSE
609,819,12,0,FALSE
656,878,6,0,FALSE
662,882,12,0,FALSE
5684,6886,12,0,FALSE
3455,4158,12,0,FALSE
2202,2690,10,0,FALSE
2224,2719,12,0,FALSE
2551,3117,12,0,FALSE
2622,3189,12,0,FALSE
2633,3201,12,0,FALSE
2618,3183,6,0,FALSE
2636,3205,10,0,FALSE
2651,3227,12,0,FALSE
7861,9396,12,0,FALSE
7857,9392,12,0,FALSE
7864,9403,24,0,TRUE
2762,3349,12,0,FALSE
8424,10037,24,0,TRUE
2764,3354,6,0,FALSE
3885,3995,11,0,FALSE
2770,3357,10,0,FALSE
7580,9059,12,0,FALSE
3469,3625,12,0,FALSE
2808,3373,3,0,FALSE
2810,3403,12,0,FALSE
2821,3424,12,0,FALSE
7871,9407,36,0,TRUE
3909,4738,12,0,FALSE
4048,4905,10,0,FALSE
7673,9164,36,0,TRUE
2861,3467,12,0,FALSE
2868,3475,3,0,FALSE
2867,3471,3,0,FALSE
2869,3478,3,0,FALSE
2878,3501,10,0,FALSE
7674,9165,24,0,TRUE
2880,3510,12,0,FALSE
2889,3507,10,0,FALSE
2882,3498,6,0,FALSE
2893,3517,10,0,FALSE
2892,3534,10,0,FALSE
2911,3559,12,0,FALSE
2900,3560,12,0,FALSE
2901,3553,10,0,FALSE
2919,3593,12,0,FALSE
2912,3579,10,0,FALSE
2902,3561,3,0,FALSE
2915,3586,6,0,FALSE
2918,3587,10,0,FALSE
2928,3562,10,0,FALSE
2923,3479,3,0,FALSE
2921,3515,10,0,FALSE
2931,3602,12,0,FALSE
2935,3592,6,0,FALSE
2936,3603,6,0,FALSE
2938,3486,3,0,FALSE
2904,3492,10,0,FALSE
7676,9167,12,0,FALSE
3500,4279,12,0,FALSE
2956,3613,12,0,FALSE
2951,3568,10,0,FALSE
2961,3564,10,0,FALSE
2983,3584,10,0,FALSE
2967,3620,12,0,FALSE
2973,3632,12,0,FALSE
4065,4923,48,0.099,TRUE
8488,10132,6,0,FALSE
3017,3686,12,0,FALSE
2960,3570,6,0,FALSE
3587,4333,60,0.099,TRUE
2747,3342,12,0,FALSE
7875,3088,12,0,FALSE
3041,3728,12,0,FALSE
3042,3576,10,0,FALSE
3056,3581,10,0,FALSE
3062,3751,12,0,FALSE
3054,3740,12,0,FALSE
3087,3533,10,0,FALSE
3636,4438,12,0,FALSE
3096,3499,3,0,FALSE
3637,4439,12,0,FALSE
7880,9425,12,0,FALSE
3110,3794,24,0.099,TRUE
8441,10070,10,0,FALSE
3120,3810,12,0,FALSE
8437,10058,12,0,FALSE
3128,3487,6,0,FALSE
3141,3830,10,0,FALSE
3527,3513,6,0,FALSE
3115,3799,12,0,FALSE
3437,4204,12,0,FALSE
3705,4511,12,0,FALSE
3147,3836,12,0,FALSE
3151,3841,12,0,FALSE
3145,3782,60,0.099,TRUE
3148,3838,12,0,FALSE
3158,3852,12,0,FALSE
3164,3861,6,0,FALSE
3531,4311,12,0,FALSE
3080,3765,12,0,FALSE
3172,3869,12,0,FALSE
3535,4315,12,0,FALSE
3537,4318,10,0,FALSE
3539,4317,24,0.099,TRUE
7884,9432,12,0,FALSE
3183,3545,10,0,FALSE
3191,3893,10,0,FALSE
3185,3883,12,0,FALSE
3192,3895,6,0,FALSE
3204,3912,12,0,FALSE
3203,3911,12,0,FALSE
3166,3860,12,0,FALSE
3213,3922,12,0,FALSE
3232,3933,6,0,FALSE
3234,3935,24,0.099,TRUE
8126,9700,12,0,FALSE
3231,3932,12,0,FALSE
3229,3931,12,0,FALSE
8238,9827,12,0,FALSE
7081,8553,12,0,FALSE
3243,3941,6,0,FALSE
3257,3969,12,0,FALSE
3250,3961,12,0,FALSE
3028,3711,12,0,FALSE
3251,3962,24,0.099,TRUE
3362,4093,6,0,FALSE
3267,3987,12,0,FALSE
3548,4326,12,0,FALSE
3553,4330,60,0.099,TRUE
7888,5540,10,0,FALSE
3269,3991,12,0,FALSE
3053,3546,10,0,FALSE
3101,3737,6,0,FALSE
3592,4384,12,0,FALSE
3285,4002,10,0,FALSE
3603,4400,12,0,FALSE
3295,4019,6,0,FALSE
3311,4053,6,0,FALSE
3312,4054,6,0,FALSE
8239,9829,10,0,FALSE
3273,3993,12,0,FALSE
3310,4051,6,0,FALSE
3319,4042,10,0,FALSE
3329,3485,3,0,FALSE
3343,4078,10,0,FALSE
3349,4081,6,0,FALSE
3348,2801,12,0,FALSE
8240,9830,10,0,FALSE
3353,4086,12,0,FALSE
7893,9439,12,0,FALSE
3179,3879,12,0,FALSE
3580,4368,12,0,FALSE
3630,3477,3,0,FALSE
3626,4429,12,0,FALSE
3632,4434,12,0,FALSE
3633,4436,12,0,FALSE
3642,4442,12,0,FALSE
3282,3968,12,0,FALSE
7410,8892,12,0,FALSE
3691,4500,6,0,FALSE
3698,4506,12,0,FALSE
5048,6116,12,0,FALSE
3717,4522,12,0,FALSE
3715,4516,10,0,FALSE
3413,3627,10,0,FALSE
3724,2828,12,0,FALSE
2950,3535,10,0,FALSE
3261,3732,48,0.099,TRUE
3693,4479,10,0,FALSE
3752,4567,24,0,TRUE
5056,6124,12,0,FALSE
3766,4587,12,0,FALSE
7518,8989,12,0,FALSE
3775,4592,12,0,FALSE
7916,9464,12,0,FALSE
3783,4600,12,0,FALSE
7913,9463,12,0,FALSE
4196,5076,6,0,FALSE
3796,4163,24,0.099,TRUE
3791,4609,12,0,FALSE
3807,4495,36,0.099,TRUE
3835,4666,6,0,FALSE
3836,3509,10,0,FALSE
7100,8565,6,0,FALSE
7920,9470,12,0,FALSE
3848,3621,12,0,FALSE
3881,4689,24,0,TRUE
3903,4731,12,0,FALSE
7923,9476,12,0,FALSE
3912,4649,12,0,FALSE
3357,3710,12,0,FALSE
7924,9477,12,0,FALSE
7925,9478,12,0,FALSE
7103,7789,18,0.099,TRUE
3704,3502,6,0,FALSE
3926,4758,12,0,FALSE
4003,4843,12,0,FALSE
3990,4827,12,0,FALSE
4000,4840,12,0,FALSE
3992,4831,12,0,FALSE
7929,7254,6,0,FALSE
4008,4847,12,0,FALSE
5086,6112,36,0.099,TRUE
4022,4866,12,0,FALSE
4018,4862,6,0,FALSE
4012,4852,12,0,FALSE
4020,4865,6,0,FALSE
4049,4908,12,0,FALSE
5070,6129,12,0,FALSE
7933,7446,12,0,FALSE
4056,4911,12,0,FALSE
4063,4927,12,0,FALSE
4085,4963,10,0,FALSE
4092,4948,12,0,FALSE
7935,3572,9,0,FALSE
4105,4987,10,0,FALSE
4106,4988,12,0,FALSE
4104,4986,6,0,FALSE
3880,4711,10,0,FALSE
4103,4985,6,0,FALSE
3805,3522,10,0,FALSE
1784,801,10,0,FALSE
4152,5030,12,0,FALSE
4156,5038,12,0,FALSE
4158,5042,60,0.099,TRUE
4155,5037,12,0,FALSE
4157,5039,12,0,FALSE
4184,5069,12,0,FALSE
4187,5070,12,0,FALSE
5090,6143,6,0,FALSE
4204,5085,12,0,FALSE
5118,6165,12,0,FALSE
5261,6312,12,0,FALSE
5318,6397,10,0,FALSE
4211,5102,10,0,FALSE
5032,6008,24,0.099,TRUE
4169,5034,60,0.099,TRUE
5131,6178,12,0,FALSE
5130,6176,12,0,FALSE
4243,5081,12,0,FALSE
4241,5137,12,0,FALSE
4266,5185,10,0,FALSE
4263,5168,10,0,FALSE
4298,5223,24,0.099,TRUE
5144,6192,12,0,FALSE
5147,6193,12,0,FALSE
7952,9487,10,0,FALSE
1691,2159,24,0.099,TRUE
7109,8573,12,0,FALSE
7950,2742,12,0,FALSE
4441,5413,12,0,FALSE
7959,9493,10,0,FALSE
4459,5440,12,0,FALSE
7956,9489,12,0,FALSE
4524,5513,60,0.099,TRUE
5416,6532,12,0,FALSE
4551,5489,24,0,TRUE
4542,3791,10,0,FALSE
4580,5201,12,0,FALSE
7638,9123,12,0,FALSE
4614,5593,12,0,FALSE
4615,5594,12,0,FALSE
4611,5589,12,0,FALSE
4625,5619,12,0,FALSE
4357,5036,12,0,FALSE
4612,4694,24,0,TRUE
4627,5624,10,0,FALSE
7968,5704,12,0,FALSE
7115,8581,10,0,FALSE
4658,5649,12,0,FALSE
7965,9507,12,0,FALSE
4675,5678,12,0,FALSE
7971,9510,12,0,FALSE
7973,9514,12,0,FALSE
4666,5662,12,0,FALSE
7976,9515,12,0,FALSE
7123,8584,12,0,FALSE
7124,8586,12,0,FALSE
4731,5757,10,0,FALSE
4715,5740,12,0,FALSE
4724,5748,12,0,FALSE
4709,5723,6,0,FALSE
4749,5771,12,0,FALSE
4742,5772,10,0,FALSE
4743,5777,12,0,FALSE
5306,6387,6,0,FALSE
7981,9525,12,0,FALSE
4738,5768,12,0,FALSE
7127,8588,10,0,FALSE
4758,5794,12,0,FALSE
4754,5789,10,0,FALSE
4789,5829,12,0,FALSE
8010,854,12,0,FALSE
8001,9558,12,0,FALSE
8004,9564,12,0,FALSE
7990,9539,10,0,FALSE
7128,8589,12,0,FALSE
7988,9535,10,0,FALSE
4814,5774,12,0,FALSE
4827,5872,12,0,FALSE
8000,9560,6,0,FALSE
8002,9562,18,0,TRUE
7897,7933,12,0,FALSE
5284,6345,12,0,FALSE
4844,5884,12,0,FALSE
4452,5033,24,0,TRUE
4866,5909,12,0,FALSE
8018,9587,36,0,TRUE
8016,9583,36,0,TRUE
7921,9469,10,0,FALSE
8189,9776,12,0,FALSE
8028,9570,36,0,TRUE
8037,9417,36,0,TRUE
8044,9416,12,0,FALSE
5242,6282,6,0,FALSE
8046,9601,12,0,FALSE
5343,6435,12,0,FALSE
5361,6443,12,0,FALSE
5364,6458,6,0,FALSE
5371,6432,12,0,FALSE
7133,8598,12,0,FALSE
5388,6480,12,0,FALSE
5389,6481,10,0,FALSE
7146,8621,12,0,FALSE
7152,8629,10,0,FALSE
7138,8605,10,0,FALSE
5403,6510,12,0,FALSE
5408,6518,12,0,FALSE
5402,6509,12,0,FALSE
5461,6582,12,0,FALSE
5443,6554,12,0,FALSE
3654,4452,12,0,FALSE
5445,6488,60,0.099,TRUE
5439,6405,12,0,FALSE
5441,6552,10,0,FALSE
5442,6553,10,0,FALSE
5434,6547,12,0,FALSE
7157,8637,12,0,FALSE
5472,6486,18,0.099,TRUE
5474,6598,12,0,FALSE
5503,6635,10,0,FALSE
5518,3519,6,0,FALSE
7055,8534,6,0,FALSE
5397,6503,12,0,FALSE
5520,2504,12,0,FALSE
7125,8587,12,0,FALSE
7165,8645,12,0,FALSE
7169,8646,12,0,FALSE
7163,8643,12,0,FALSE
5511,6270,12,0,FALSE
7167,8644,12,0,FALSE
7175,8633,10,0,FALSE
7170,8647,12,0,FALSE
7168,8644,6,0,FALSE
5602,6739,12,0,FALSE
5603,6740,12,0,FALSE
5604,6741,12,0,FALSE
8071,9632,12,0,FALSE
5589,6727,12,0,FALSE
7176,8648,12,0,FALSE
5587,6726,12,0,FALSE
5612,6755,12,0,FALSE
8076,9492,12,0,FALSE
5311,6391,12,0,FALSE
7201,8679,12,0,FALSE
7202,8680,12,0,FALSE
5689,6894,12,0,FALSE
5696,6907,24,0,TRUE
5726,6962,12,0,FALSE
8081,9645,36,0,TRUE
7210,8694,12,0,FALSE
5751,7001,12,0,FALSE
7208,8689,36,0,TRUE
7218,8707,10,0,FALSE
5767,7015,10,0,FALSE
5768,7016,10,0,FALSE
5778,7025,12,0,FALSE
5779,7026,18,0,TRUE
7211,8698,12,0,FALSE
7213,8699,12,0,FALSE
5796,7043,12,0,FALSE
8087,9656,12,0,FALSE
8276,9868,12,0,FALSE
5716,6937,12,0,FALSE
8089,9658,12,0,FALSE
5806,7050,6,0,FALSE
5807,7057,6,0,FALSE
5817,7066,12,0,FALSE
5818,7069,12,0,FALSE
7257,6042,10,0,FALSE
5815,3946,11,0,FALSE
7231,8719,10,0,FALSE
5819,7070,6,0,FALSE
7236,8720,12,0,FALSE
7238,8726,12,0,FALSE
5828,7086,12,0,FALSE
5833,7091,12,0,FALSE
5839,7098,12,0,FALSE
5845,7105,60,0.099,TRUE
5827,7085,12,0,FALSE
5852,7114,12,0,FALSE
5890,7164,12,0,FALSE
5840,7094,1,0,FALSE
5849,7117,48,0.099,TRUE
5864,7142,10,0,FALSE
5862,7139,12,0,FALSE
7252,8733,10,0,FALSE
5877,7156,6,0,FALSE
5878,7157,10,0,FALSE
5898,7167,10,0,FALSE
7256,8738,6,0,FALSE
5897,7166,10,0,FALSE
7262,8744,12,0,FALSE
5909,7186,10,0,FALSE
5906,7183,10,0,FALSE
5950,7240,10,0,FALSE
5935,7221,12,0,FALSE
5954,7246,12,0,FALSE
5939,7227,12,0,FALSE
8079,9640,24,0,TRUE
5949,7238,12,0,FALSE
5941,7229,12,0,FALSE
5977,7219,12,0,FALSE
7276,8656,10,0,FALSE
5971,7264,12,0,FALSE
5979,7073,12,0,FALSE
8195,9786,6,0,FALSE
6005,7295,12,0,FALSE
5995,7281,12,0,FALSE
5997,7285,12,0,FALSE
6003,7292,12,0,FALSE
8277,9867,36,0,TRUE
5698,6911,12,0,FALSE
6036,7335,10,0,FALSE
8090,9654,12,0,FALSE
6921,8367,18,0,TRUE
6049,7367,10,0,FALSE
6064,7382,10,0,FALSE
6053,7371,12,0,FALSE
6067,7381,24,0,TRUE
6051,7370,12,0,FALSE
6077,7407,12,0,FALSE
6073,7401,10,0,FALSE
6075,7403,12,0,FALSE
6008,7297,60,0.099,TRUE
6079,7409,12,0,FALSE
6076,7404,12,0,FALSE
6087,7416,12,0,FALSE
7291,8783,10,0,FALSE
7302,8802,12,0,FALSE
8100,9672,12,0,FALSE
6109,7054,10,0,FALSE
6123,7456,12,0,FALSE
7286,8777,10,0,FALSE
6115,7443,12,0,FALSE
7317,8819,12,0,FALSE
6118,3916,12,0,FALSE
6136,7476,12,0,FALSE
6150,7495,12,0,FALSE
6148,7492,12,0,FALSE
6134,7475,12,0,FALSE
6231,7603,12,0,FALSE
6165,7516,12,0,FALSE
6184,7533,10,0,FALSE
6180,7509,12,0,FALSE
6194,7541,12,0,FALSE
6195,7545,12,0,FALSE
6236,7609,12,0,FALSE
7327,8829,10,0,FALSE
7325,8827,12,0,FALSE
6225,7587,12,0,FALSE
6221,7581,12,0,FALSE
6240,7613,12,0,FALSE
6291,7665,6,0,FALSE
6238,7610,12,0,FALSE
6250,7623,24,0,TRUE
6271,7642,12,0,FALSE
6266,5797,10,0,FALSE
6273,7646,12,0,FALSE
8111,9689,12,0,FALSE
6267,7635,12,0,FALSE
8112,9690,12,0,FALSE
6286,7658,12,0,FALSE
6293,7666,6,0,FALSE
8113,9693,12,0,FALSE
4748,5771,18,0.099,TRUE
6281,7652,12,0,FALSE
6337,7726,10,0,FALSE
6346,7732,12,0,FALSE
6319,7712,6,0,FALSE
6301,7674,10,0,FALSE
6334,7723,12,0,FALSE
6317,7672,24,0,TRUE
7505,8978,12,0,FALSE
8109,9669,24,0,TRUE
6270,7640,12,0,FALSE
6343,7731,6,0,FALSE
6367,7769,12,0,FALSE
6368,7770,12,0,FALSE
6364,7761,12,0,FALSE
6369,7773,6,0,FALSE
6366,7766,12,0,FALSE
5357,6449,24,0.099,TRUE
6379,7777,36,0,TRUE
6381,7790,12,0,FALSE
6380,7786,18,0,TRUE
6397,7800,12,0,FALSE
6394,7793,60,0.099,TRUE
6400,7803,48,0.099,TRUE
6403,7806,12,0,FALSE
6407,7393,10,0,FALSE
6409,7819,12,0,FALSE
6417,7834,24,0,TRUE
6426,7844,60,0.099,TRUE
6434,7859,36,0,TRUE
6435,7857,12,0,FALSE
6433,7821,12,0,FALSE
7361,6325,12,0,FALSE
6461,7883,12,0,FALSE
6466,7807,12,0,FALSE
6505,7936,12,0,FALSE
6508,7940,12,0,FALSE
6476,7882,6,0,FALSE
8472,10108,10,0,FALSE
6483,7690,18,0,TRUE
6480,7903,12,0,FALSE
6487,7913,12,0,FALSE
6481,7907,10,0,FALSE
8473,10109,12,0,FALSE
6517,7951,60,0.099,TRUE
7375,8851,12,0,FALSE
7384,8860,10,0,FALSE
7383,8858,10,0,FALSE
6527,7959,12,0,FALSE
3266,3986,12,0,FALSE
6499,7927,12,0,FALSE
6571,8010,12,0,FALSE
6541,7979,12,0,FALSE
6536,7974,12,0,FALSE
6557,7991,36,0,TRUE
6563,8004,12,0,FALSE
6569,8009,12,0,FALSE
6587,8022,18,0,TRUE
6580,7998,12,0,FALSE
6575,8012,12,0,FALSE
6582,8015,10,0,FALSE
7391,8869,12,0,FALSE
6581,8014,12,0,FALSE
6602,8039,12,0,FALSE
6603,8040,12,0,FALSE
8131,9704,6,0,FALSE
6615,8025,24,0,TRUE
7397,8880,12,0,FALSE
6616,7912,24,0,TRUE
6634,3295,10,0,FALSE
5824,7081,60,0.099,TRUE
6663,8068,12,0,FALSE
6679,7900,12,0,FALSE
6690,8102,12,0,FALSE
6684,8098,6,0,FALSE
6681,8092,12,0,FALSE
8476,10111,12,0,FALSE
8483,10122,12,0,FALSE
6705,8124,36,0,TRUE
6728,8147,18,0,TRUE
6731,8152,12,0,FALSE
6737,8155,36,0,TRUE
6740,8162,6,0,FALSE
6718,8139,12,0,FALSE
6732,8154,12,0,FALSE
6722,8143,12,0,FALSE
6730,8151,36,0,TRUE
6734,8158,6,0,FALSE
8307,9906,12,0,FALSE
6742,8164,10,0,FALSE
6761,8182,12,0,FALSE
7409,8891,10,0,FALSE
6774,8206,12,0,FALSE
7412,8893,6,0,FALSE
6791,8207,12,0,FALSE
6778,8178,18,0,TRUE
6831,8271,36,0,TRUE
6830,8274,12,0,FALSE
6817,8247,10,0,FALSE
6813,8246,18,0.099,TRUE
6810,8215,24,0,TRUE
8110,9686,12,0,FALSE
7496,8933,12,0,FALSE
6826,8266,24,0,TRUE
6859,8304,24,0,TRUE
6847,8294,12,0,FALSE
6861,8312,12,0,FALSE
6868,8322,10,0,FALSE
6870,8278,18,0,TRUE
6878,8336,10,0,FALSE
6873,8317,36,0,TRUE
6883,8340,12,0,FALSE
6899,8354,12,0,FALSE
6896,8351,12,0,FALSE
6893,8348,10,0,FALSE
6892,8347,12,0,FALSE
8323,9929,12,0,FALSE
6906,8363,12,0,FALSE
8146,9711,10,0,FALSE
6916,8374,12,0,FALSE
6923,8386,12,0,FALSE
6971,8441,12,0,FALSE
8147,9712,6,0,FALSE
6960,8432,12,0,FALSE
6962,8434,12,0,FALSE
6959,8431,12,0,FALSE
6947,8414,12,0,FALSE
6170,7522,12,0,FALSE
6680,8090,10,0,FALSE
6973,8194,12,0,FALSE
7663,9134,24,0,TRUE
6979,8447,24,0,TRUE
6980,8295,12,0,FALSE
7440,8906,12,0,FALSE
6981,8073,24,0.099,TRUE
7001,8019,12,0,FALSE
7445,8910,10,0,FALSE
7452,8919,6,0,FALSE
6998,8460,12,0,FALSE
6995,8457,12,0,FALSE
6989,8389,24,0,TRUE
7436,8903,10,0,FALSE
7441,8907,12,0,FALSE
7431,8897,12,0,FALSE
7439,8905,12,0,FALSE
7006,8469,12,0,FALSE
7004,8465,6,0,FALSE
6851,8259,12,0,FALSE
8150,9717,12,0,FALSE
7018,8489,12,0,FALSE
7010,8473,12,0,FALSE
7019,8493,12,0,FALSE
7401,8884,10,0,FALSE
7442,8908,12,0,FALSE
7011,8166,12,0,FALSE
7464,8934,12,0,FALSE
7021,8494,10,0,FALSE
8151,9720,24,0,TRUE
7466,8937,24,0,TRUE
7512,8984,12,0,FALSE
7513,8985,12,0,FALSE
7514,8986,12,0,FALSE
7515,8987,12,0,FALSE
7523,8991,12,0,FALSE
7525,8998,60,0.099,TRUE
7524,8996,10,0,FALSE
7540,9015,10,0,FALSE
6788,8211,24,0,TRUE
7536,9011,6,0,FALSE
7539,9014,12,0,FALSE
7545,8651,12,0,FALSE
7560,9028,10,0,FALSE
7565,9039,12,0,FALSE
7571,9046,12,0,FALSE
7563,9035,18,0,TRUE
7573,9048,12,0,FALSE
7593,9077,12,0,FALSE
7583,9061,12,0,FALSE
7590,9067,12,0,FALSE
7606,9089,36,0,TRUE
7613,9096,12,0,FALSE
7626,9105,12,0,FALSE
7602,9054,18,0,TRUE
7637,9122,12,0,FALSE
7639,9107,12,0,FALSE
7645,9127,6,0,FALSE
8153,9722,36,0,TRUE
7650,9133,18,0,TRUE
7660,9150,10,0,FALSE
7662,9154,12,0,FALSE
8164,9745,12,0,FALSE
7675,9163,24,0,TRUE
7671,9106,12,0,FALSE
7698,9191,24,0,TRUE
7701,9194,12,0,FALSE
7697,9040,24,0,TRUE
7700,9193,10,0,FALSE
7696,9138,24,0,TRUE
7254,8688,12,0,FALSE
8102,9674,12,0,FALSE
2226,2663,12,0,FALSE
7031,8509,12,0,FALSE
8173,9758,12,0,FALSE
826,1084,12,0,FALSE
7035,8515,6,0,FALSE
658,879,12,0,FALSE
3581,4374,10,0,FALSE
2307,2811,12,0,FALSE
1367,1786,12,0,FALSE
8199,9784,24,0,TRUE
1751,2214,24,0.099,TRUE
1477,1922,12,0,FALSE
1901,2293,12,0,FALSE
2299,2804,12,0,FALSE
2068,2500,36,0.099,TRUE
8202,3903,12,0,FALSE
2112,2548,12,0,FALSE
2128,2578,12,0,FALSE
3442,4212,12,0,FALSE
120,179,12,0,FALSE
188,272,12,0,FALSE
100,157,12,0,FALSE
4991,6030,12,0,FALSE
405,560,12,0,FALSE
406,562,12,0,FALSE
592,800,12,0,FALSE
2635,3202,12,0,FALSE
2654,3231,12,0,FALSE
2724,3304,10,0,FALSE
7578,9056,24,0,TRUE
2377,2898,36,0.099,TRUE
7672,9115,12,0,FALSE
2881,3514,12,0,FALSE
2913,3574,10,0,FALSE
2877,3503,6,0,FALSE
2979,3556,10,0,FALSE
3001,3676,10,0,FALSE
2992,3658,12,0,FALSE
3033,3713,60,0.129,TRUE
3038,3721,10,0,FALSE
3067,3755,60,0.099,TRUE
3068,3756,60,0.099,TRUE
3099,3566,10,0,FALSE
3188,3884,10,0,FALSE
3207,3915,48,0.099,TRUE
3228,3897,10,0,FALSE
3565,4348,36,0.099,TRUE
3338,4070,10,0,FALSE
3200,3821,12,0,FALSE
3384,4134,12,0,FALSE
3631,4433,6,0,FALSE
3451,4217,12,0,FALSE
2897,3550,10,0,FALSE
3741,4494,3,0,FALSE
3300,4023,12,0,FALSE
3948,4727,10,0,FALSE
4023,4867,12,0,FALSE
5081,4057,2,0,FALSE
8232,9824,10,0,FALSE
4575,5348,12,0,FALSE
5195,6228,12,0,FALSE
5303,6385,10,0,FALSE
5225,6269,12,0,FALSE
5217,6255,12,0,FALSE
7134,8601,12,0,FALSE
5454,6569,12,0,FALSE
5591,6730,6,0,FALSE
6853,8268,10,0,FALSE
5853,7127,36,0.099,TRUE
5957,7252,12,0,FALSE
7274,8764,9,0,FALSE
6093,6915,10,0,FALSE
7304,8804,12,0,FALSE
6619,1736,36,0.099,TRUE
6214,7569,12,0,FALSE
6223,7583,12,0,FALSE
6241,7614,12,0,FALSE
6275,7647,12,0,FALSE
6376,7781,24,0,TRUE
6424,7842,12,0,FALSE
6491,7915,12,0,FALSE
6518,7954,10,0,FALSE
7381,8857,6,0,FALSE
7362,8828,24,0,TRUE
6577,8013,12,0,FALSE
6545,7983,12,0,FALSE
6565,8006,12,0,FALSE
6714,8134,12,0,FALSE
7312,8751,12,0,FALSE
6809,8244,12,0,FALSE
6864,8319,12,0,FALSE
6938,8398,12,0,FALSE
7388,8837,24,0,TRUE
7520,8977,18,0,TRUE
7996,9548,12,0,FALSE
8172,9756,6,0,FALSE
8171,9755,12,0,FALSE
8230,9726,12,0,FALSE
8207,9797,12,0,FALSE
8208,9796,36,0,TRUE
7557,9025,6,0,FALSE
8241,9661,12,0,FALSE
8250,9838,12,0,FALSE
8257,9844,12,0,FALSE
8142,9710,12,0,FALSE
8244,9832,6,0,FALSE
8246,9835,12,0,FALSE
8258,9846,36,0,TRUE
8251,9839,10,0,FALSE
8260,9847,6,0,FALSE
8268,9715,12,0,FALSE
8280,9870,12,0,FALSE
8300,9894,10,0,FALSE
8298,9892,24,0.099,TRUE
8315,9917,6,0,FALSE
8308,9908,24,0,TRUE
8319,9926,12,0,FALSE
8317,9923,24,0,TRUE
8318,9925,12,0,FALSE
8324,9931,10,0,FALSE
8325,9932,10,0,FALSE
8332,9936,12,0,FALSE
8327,9934,12,0,FALSE
8328,9935,12,0,FALSE
8354,7441,11,0,FALSE
8376,2390,12,0,FALSE
8360,9976,12,0,FALSE
2925,3552,10,0,FALSE
4381,5327,12,0,FALSE
8374,9889,24,0,TRUE
8392,10007,10,0,FALSE
8393,10009,6,0,FALSE
8395,10013,6,0,FALSE
8397,10015,12,0,FALSE
8389,10006,12,0,FALSE
8398,10016,6,0,FALSE
8400,10019,12,0,FALSE
8401,10020,12,0,FALSE
8396,10014,6,0,FALSE
8399,10017,6,0,FALSE
8405,9434,36,0,TRUE
8411,10024,12,0,FALSE
8407,10022,12,0,FALSE
8413,9992,12,0,FALSE
8416,10029,12,0,FALSE
8419,10035,12,0,FALSE
8425,10039,10,0,FALSE
8426,10038,24,0,TRUE
8428,10041,12,0,FALSE
8429,10043,10,0,FALSE
8138,9707,12,0,FALSE
8432,10046,24,0,TRUE
8417,10028,6,0,FALSE
8433,10049,12,0,FALSE
8436,8695,12,0,FALSE
8435,10054,10,0,FALSE
8468,10100,12,0,FALSE
8449,10084,12,0,FALSE
8456,10091,12,0,FALSE
8450,10085,12,0,FALSE
8463,10096,12,0,FALSE
8452,10087,12,0,FALSE
8465,10097,12,0,FALSE
8466,10099,12,0,FALSE
8477,10112,12,0,FALSE
8478,10113,12,0,FALSE
8482,10121,6,0,FALSE
8512,3476,5,0,FALSE
8510,10157,12,0,FALSE
8509,10156,10,0,FALSE
8513,10158,12,0,FALSE
8521,4011,12,0,FALSE
2104,2535,1,0,FALSE
2800,1856,35,0.099,TRUE
2845,1851,12,0,FALSE
5322,1514,24,0.099,TRUE
4924,2149,2,0,FALSE
4927,4213,1,0,FALSE
6188,409,12,0,FALSE
6629,5003,48,0.099,TRUE
4802,2612,9,0,FALSE
8518,10163,12,0,FALSE
8547,5420,12,0,FALSE
8418,10033,12,0,FALSE
8553,10180,12,0,FALSE
8557,10095,18,0,TRUE
8549,10177,12,0,FALSE
7008,8470,36,0.099,TRUE
8569,10198,36,0,TRUE
8593,10223,36,0,TRUE
8585,10185,10,0,FALSE
8596,10225,24,0,TRUE
8612,10248,10,0,FALSE
8619,10253,18,0,TRUE
8615,3920,6,0,FALSE
8628,4980,24,0.099,FALSE
8626,10240,12,0,FALSE
8640,10264,12,0,FALSE
6808,8243,12,0,FALSE
8647,10271,12,0,FALSE
8650,10275,12,0,FALSE
8639,10263,12,0,FALSE
8659,10285,24,0,TRUE
8629,8794,12,0,FALSE
8663,1071,36,0.099,FALSE
8665,10291,12,0,FALSE
6733,8157,12,0,FALSE
8669,10295,6,0,FALSE
8660,10286,24,0,TRUE
8672,10284,12,0,FALSE
8652,10276,12,0,FALSE
8679,10304,12,0,FALSE
8678,10304,24,0.099,TRUE
8687,10318,12,0,FALSE
8725,10346,10,0,FALSE
8726,10347,10,0,FALSE
8745,6105,12,0,FALSE
8723,7799,10,0,FALSE
8727,10348,12,0,FALSE
8746,5925,12,0,FALSE
8747,6080,10,0,FALSE
8749,10359,24,0.099,TRUE
8744,6075,11,0,FALSE
8758,10371,24,0.099,TRUE
8748,6086,12,0,FALSE
8763,10385,12,0,FALSE
8753,4804,6,0,FALSE
8750,10269,12,0,FALSE
8773,10394,12,0,FALSE
8762,10384,12,0,FALSE
8781,5912,10,0,FALSE
8756,10372,12,0,FALSE
8784,10403,24,0,TRUE
8774,10396,36,0,TRUE
8775,10395,36,0,TRUE
8778,4643,12,0,FALSE
8783,5786,12,0,FALSE
8788,6126,12,0,FALSE
8795,5982,12,0,FALSE
8771,10391,6,0,FALSE
8767,10388,12,0,FALSE
8772,10392,12,0,FALSE
8779,6202,12,0,FALSE
8782,5837,12,0,FALSE
8785,6316,10,0,FALSE
8777,2475,12,0,FALSE
8786,6477,12,0,FALSE
8787,6096,12,0,FALSE
8789,6052,12,0,FALSE
8791,7267,12,0,FALSE
8793,7049,12,0,FALSE
8797,6400,12,0,FALSE
8799,7293,12,0,FALSE
8798,7095,6,0,FALSE
8800,7305,12,0,FALSE
8801,6253,12,0,FALSE
8802,6823,12,0,FALSE
8808,6812,12,0,FALSE
8810,7480,12,0,FALSE
8813,7176,12,0,FALSE
8818,7039,12,0,FALSE
8807,7488,12,0,FALSE
8803,6817,2,0,FALSE
8804,6813,12,0,FALSE
8805,6976,6,0,FALSE
8811,6972,10,0,FALSE
8812,7269,12,0,FALSE
8814,6308,10,0,FALSE
8815,6917,6,0,FALSE
8819,6880,12,0,FALSE
8838,10438,12,0,FALSE
8832,10441,12,0,FALSE
8826,10422,12,0,FALSE
8833,10443,10,0,FALSE
8839,10448,12,0,FALSE
8846,8159,12,0,FALSE
8853,7434,12,0,FALSE
8855,6608,10,0,FALSE
8843,10451,12,0,FALSE
8857,6842,12,0,FALSE
8845,7526,12,0,FALSE
8847,7454,10,0,FALSE
8848,7384,12,0,FALSE
8849,7682,12,0,FALSE
8850,6667,12,0,FALSE
8851,6843,6,0,FALSE
8854,7722,12,0,FALSE
8856,7088,12,0,FALSE
8858,7705,12,0,FALSE
8859,7249,12,0,FALSE
8860,7531,12,0,FALSE
8861,5990,12,0,FALSE
8862,7439,12,0,FALSE
8863,6840,12,0,FALSE
8864,7064,12,0,FALSE
8865,7654,12,0,FALSE
8866,7296,12,0,FALSE
8867,7600,10,0,FALSE
8868,7602,2,0,FALSE
8869,7727,6,0,FALSE
8870,10459,10,0,FALSE
8872,10460,12,0,FALSE
8874,10461,12,0,FALSE
8873,10462,10,0,FALSE
8881,10468,12,0,FALSE
8882,10470,12,0,FALSE
8883,10472,10,0,FALSE
8884,10474,10,0,FALSE
8892,10484,12,0,FALSE
8894,10486,10,0,FALSE
8903,10503,12,0,FALSE
8895,10487,6,0,FALSE
8886,10477,12,0,FALSE
8896,10488,10,0,FALSE
8889,10480,12,0,FALSE
8890,10482,12,0,FALSE
8906,10499,10,0,FALSE
8897,10490,10,0,FALSE
8927,10525,24,0,TRUE
8893,10485,12,0,FALSE
8923,10521,12,0,FALSE
8917,10516,12,0,FALSE
8921,10519,12,0,FALSE
8919,10518,10,0,FALSE
8920,10324,24,0,TRUE
8924,10522,12,0,FALSE
8930,10527,6,0,FALSE
8929,10526,12,0,FALSE
8940,10533,36,0,TRUE
8946,10534,36,0,TRUE
8939,10539,10,0,FALSE
8944,9994,24,0,TRUE
8945,10543,12,0,FALSE
8950,10545,10,0,FALSE
8948,10542,24,0,TRUE
8953,10548,12,0,FALSE
8958,7497,6,0,FALSE
8970,10558,12,0,FALSE
8966,10555,12,0,FALSE
8969,10559,12,0,FALSE
8959,7668,12,0,FALSE
8877,10464,10,0,FALSE
8960,7435,10,0,FALSE
8961,8016,2,0,FALSE
8962,8870,1,0,FALSE
8965,10554,10,0,FALSE
8968,10557,12,0,FALSE
8981,10412,18,0,TRUE
8974,10553,12,0,FALSE
8967,10556,12,0,FALSE
8972,10561,10,0,FALSE
8990,3023,12,0,FALSE
8993,10578,12,0,FALSE
8994,9198,24,0,TRUE
8983,10568,24,0,TRUE
8999,10579,36,0,TRUE
9012,9093,9,0,FALSE
9027,10621,10,0,FALSE
9061,10663,12,0,FALSE
9062,10664,10,0,FALSE
9057,10659,10,0,FALSE
9069,10675,10,0,FALSE
9084,10707,12,0,FALSE
9097,10719,36,0,TRUE
9092,10716,12,0,FALSE
9102,10725,24,0,TRUE
9106,10737,10,0,FALSE
9109,10740,10,0,FALSE
9111,10741,24,0,TRUE
9110,10735,24,0,TRUE
9128,10755,10,0,FALSE
9136,10746,12,0,FALSE
8949,10500,10,0,FALSE
9140,10709,10,0,FALSE
9145,9258,11,0,FALSE
9151,10767,12,0,FALSE
9158,10783,10,0,FALSE
9164,10805,12,0,FALSE
9183,10841,10,0,FALSE
9194,10849,10,0,FALSE
9193,10847,10,0,FALSE
9211,10862,12,0,FALSE
8910,10508,12,0,FALSE
9224,10881,12,0,FALSE
9252,10919,12,0,FALSE
9299,10970,10,0,FALSE
9220,10876,24,0,TRUE
9232,10891,10,0,FALSE
9237,10903,24,0.099,TRUE
9241,10906,12,0,FALSE
9238,10904,10,0,FALSE
9239,10896,12,0,FALSE
9276,10956,18,0.099,TRUE
9277,10930,24,0,TRUE
9278,10957,24,0,TRUE
9288,10953,36,0,TRUE
9298,10969,12,0,FALSE
9308,10979,24,0.099,TRUE
9310,10987,6,0,FALSE
9309,10986,24,0.099,TRUE
9323,11004,12,0,FALSE
9306,10309,24,0,TRUE
9332,11013,12,0,FALSE
9331,11014,18,0.099,TRUE
9334,11020,12,0,FALSE
9335,11021,18,0.099,TRUE
9349,8023,9,0,FALSE
9362,11051,12,0,FALSE
9394,11086,24,0,TRUE
9352,10815,36,0,TRUE
9393,11079,36,0,TRUE
9361,11050,10,0,FALSE
9365,11055,12,0,FALSE
9367,11056,12,0,FALSE
9374,11058,10,0,FALSE
9397,11090,12,0,FALSE
9405,11001,10,0,FALSE
9425,2014,35,0.099,FALSE
9427,7352,10,0,FALSE
9410,11098,6,0,FALSE
9399,10775,12,0,FALSE
9411,10760,24,0,TRUE
9418,6578,12,0,FALSE
9477,11134,36,0,TRUE
9424,8366,36,0,FALSE
9315,10993,6,0,FALSE
9456,3569,10,0,FALSE
9453,11113,24,0,TRUE
9457,3594,12,0,FALSE
9455,2045,48,0.099,FALSE
9470,11139,12,0,FALSE
9466,11129,12,0,FALSE
9467,11132,12,0,FALSE
9468,11135,24,0,TRUE
9493,11171,12,0,FALSE
9486,11156,12,0,FALSE
9501,11181,12,0,FALSE
9516,11205,12,0,FALSE
9529,11199,18,0,TRUE
9491,2200,10,0,FALSE
9346,11030,24,0,TRUE
9483,11155,18,0,TRUE
9495,11176,12,0,FALSE
9504,11183,12,0,FALSE
9506,11185,12,0,FALSE
9370,11022,12,0,FALSE
9528,4426,4,0,FALSE
9531,11216,12,0,FALSE
9530,11215,12,0,FALSE
9532,11218,12,0,FALSE
8732,10282,24,0,TRUE
9484,11158,12,0,FALSE
9543,11221,12,0,FALSE
9544,6900,12,0,FALSE
9552,11233,12,0,FALSE
9582,11248,24,0,TRUE
9601,11287,36,0,TRUE
9597,11288,12,0,FALSE
9610,6310,3,0,FALSE